{
  "n_rules": 38,
  "n_input_exprs": 5,
  "time_sec_match": [0.007381, 0.479647, 0.471407, 0.463579, 0.470748],
  "time_sec_apply": [0.000055, 0.000075, 0.000058, 0.000062, 0.000063],
  "time_sec_repair_step1": [[0.007816, 0.007862], [0.007320, 0.007299], [0.007055, 0.007882], [0.007338, 0.007393], [0.007874, 0.007916]],
  "time_sec_repair_step2": [[0.067864, 0.000043], [0.007935, 0.000027], [0.007443, 0.000047], [0.007982, 0.000048], [0.007501, 0.000109]],
  "time_sec_repair_step4": [[0.000039, 0.000028], [0.000026, 0.000032], [0.000073, 0.000075], [0.000096, 0.000071], [0.000224, 0.000199]],
  "time_sec_full_iteration": [0.091174, 0.502426, 0.494122, 0.486636, 0.494696],
  "merges_per_repair_iteration": [[5, 3], [11, 4], [53, 6], [183, 14], [355, 82]],
  "node_count_over_time": [68, 117, 282, 498, 1070],
  "class_count_over_time": [33, 55, 127, 219, 442]

}