{
  "n_rules": 38,
  "n_input_exprs": 5,
  "time_sec_match": [0.007320, 0.484297, 0.470832, 0.472781, 0.468934],
  "time_sec_apply": [0.000050, 0.000063, 0.000054, 0.000056, 0.000068],
  "time_sec_repair_step1": [[0.007900, 0.007054], [0.007875, 0.007978], [0.005747, 0.007135], [0.007883, 0.007967], [0.006758, 0.007388]],
  "time_sec_repair_step2": [[0.060489, 0.000043], [0.007385, 0.000027], [0.007485, 0.000048], [0.007476, 0.000048], [0.008113, 0.000120]],
  "time_sec_repair_step4": [[0.000041, 0.000028], [0.000025, 0.000032], [0.000100, 0.000080], [0.000102, 0.000069], [0.000236, 0.000202]],
  "time_sec_full_iteration": [0.083038, 0.507769, 0.491561, 0.496455, 0.491886],
  "merges_per_repair_iteration": [[5, 3], [11, 4], [53, 6], [162, 14], [338, 79]],
  "node_count_over_time": [68, 117, 282, 498, 1081],
  "class_count_over_time": [33, 55, 127, 219, 459]

}