{
  "n_rules": 38,
  "n_input_exprs": 5,
  "time_sec_match": [0.005767, 0.474515, 0.468342, 0.472563, 0.469314],
  "time_sec_apply": [0.000050, 0.000071, 0.000068, 0.000062, 0.000065],
  "time_sec_repair_step1": [[0.007034, 0.007377], [0.007892, 0.007858], [0.006909, 0.007271], [0.007286, 0.007398], [0.004805, 0.006499]],
  "time_sec_repair_step2": [[0.068122, 0.000044], [0.007389, 0.000025], [0.007964, 0.000048], [0.007995, 0.000049], [0.007917, 0.000111]],
  "time_sec_repair_step4": [[0.000041, 0.000028], [0.000024, 0.000031], [0.000075, 0.000061], [0.000096, 0.000070], [0.000225, 0.000198]],
  "time_sec_full_iteration": [0.088542, 0.497894, 0.490807, 0.495615, 0.489210],
  "merges_per_repair_iteration": [[5, 3], [11, 4], [53, 6], [183, 14], [351, 84]],
  "node_count_over_time": [68, 117, 282, 498, 1090],
  "class_count_over_time": [33, 55, 127, 219, 458]

}