{
  "n_rules": 38,
  "n_input_exprs": 5,
  "time_sec_match": [0.006979, 0.465875, 0.473740, 0.469873, 0.466235],
  "time_sec_apply": [0.000052, 0.000071, 0.000065, 0.000057, 0.000063],
  "time_sec_repair_step1": [[0.005695, 0.006994], [0.006693, 0.007304], [0.005104, 0.007427], [0.007938, 0.007895], [0.007264, 0.007937]],
  "time_sec_repair_step2": [[0.007335, 0.000040], [0.007975, 0.000025], [0.007997, 0.000048], [0.007395, 0.000047], [0.005405, 0.000106]],
  "time_sec_repair_step4": [[0.000036, 0.000029], [0.000024, 0.000032], [0.000098, 0.000071], [0.000103, 0.000071], [0.000221, 0.000197]],
  "time_sec_full_iteration": [0.027241, 0.488064, 0.494642, 0.493459, 0.487504],
  "merges_per_repair_iteration": [[5, 3], [11, 4], [53, 6], [162, 14], [325, 78]],
  "node_count_over_time": [68, 117, 282, 498, 1076],
  "class_count_over_time": [33, 55, 127, 219, 447]

}