{
  "n_rules": 38,
  "n_input_exprs": 5,
  "time_sec_match": [0.007929, 0.481258, 0.468384, 0.470851, 0.467711],
  "time_sec_apply": [0.000053, 0.000066, 0.000062, 0.000063, 0.000062],
  "time_sec_repair_step1": [[0.007319, 0.007321], [0.007900, 0.007909], [0.006940, 0.007251], [0.007298, 0.007345], [0.004588, 0.007339]],
  "time_sec_repair_step2": [[0.068456, 0.000043], [0.007392, 0.000026], [0.007871, 0.000048], [0.007999, 0.000047], [0.007375, 0.000103]],
  "time_sec_repair_step4": [[0.000040, 0.000028], [0.000024, 0.000031], [0.000102, 0.000080], [0.000099, 0.000073], [0.000216, 0.000178]],
  "time_sec_full_iteration": [0.091289, 0.504696, 0.490808, 0.493848, 0.487644],
  "merges_per_repair_iteration": [[5, 3], [11, 4], [53, 6], [162, 14], [330, 73]],
  "node_count_over_time": [68, 117, 283, 503, 1071],
  "class_count_over_time": [33, 55, 127, 223, 445]

}