{
  "n_rules": 38,
  "n_input_exprs": 5,
  "time_sec_match": [0.007393, 0.480651, 0.471991, 0.469267, 0.466495],
  "time_sec_apply": [0.000052, 0.000066, 0.000061, 0.000058, 0.000072],
  "time_sec_repair_step1": [[0.007838, 0.005890], [0.004698, 0.005149], [0.007309, 0.007330], [0.006920, 0.007282], [0.004245, 0.007293]],
  "time_sec_repair_step2": [[0.067249, 0.000042], [0.007224, 0.000027], [0.008137, 0.000046], [0.007871, 0.000048], [0.007253, 0.000108]],
  "time_sec_repair_step4": [[0.000040, 0.000028], [0.000024, 0.000032], [0.000093, 0.000072], [0.000096, 0.000071], [0.000222, 0.000193]],
  "time_sec_full_iteration": [0.088608, 0.497960, 0.495107, 0.491675, 0.485967],
  "merges_per_repair_iteration": [[5, 3], [11, 4], [53, 6], [162, 14], [336, 79]],
  "node_count_over_time": [68, 117, 282, 498, 1084],
  "class_count_over_time": [33, 55, 127, 219, 459]

}