{
  "n_rules": 38,
  "n_input_exprs": 5,
  "time_sec_match": [0.007168, 0.488773, 0.464743, 0.470954, 0.464066],
  "time_sec_apply": [0.000052, 0.000068, 0.000060, 0.000060, 0.000066],
  "time_sec_repair_step1": [[0.007883, 0.006954], [0.007949, 0.008018], [0.007915, 0.007923], [0.005386, 0.006524], [0.007911, 0.007928]],
  "time_sec_repair_step2": [[0.065517, 0.000046], [0.007454, 0.000026], [0.007531, 0.000047], [0.010969, 0.000048], [0.007583, 0.000111]],
  "time_sec_repair_step4": [[0.000044, 0.000031], [0.000024, 0.000032], [0.000102, 0.000071], [0.000096, 0.000071], [0.000232, 0.000203]],
  "time_sec_full_iteration": [0.087783, 0.512414, 0.488482, 0.494184, 0.488169],
  "merges_per_repair_iteration": [[5, 3], [11, 4], [53, 6], [162, 14], [329, 78]],
  "node_count_over_time": [68, 117, 282, 498, 1072],
  "class_count_over_time": [33, 55, 127, 219, 447]

}