{
  "n_rules": 38,
  "n_input_exprs": 5,
  "time_sec_match": [0.007877, 0.484868, 0.469035, 0.469041, 0.469909],
  "time_sec_apply": [0.000051, 0.000066, 0.000061, 0.000068, 0.000066],
  "time_sec_repair_step1": [[0.007264, 0.007392], [0.007340, 0.007238], [0.007472, 0.007352], [0.007858, 0.007969], [0.006961, 0.007314]],
  "time_sec_repair_step2": [[0.053376, 0.000043], [0.007903, 0.000025], [0.008091, 0.000045], [0.007399, 0.000048], [0.008022, 0.000112]],
  "time_sec_repair_step4": [[0.000039, 0.000030], [0.000024, 0.000031], [0.000102, 0.000077], [0.000097, 0.000072], [0.000227, 0.000199]],
  "time_sec_full_iteration": [0.076155, 0.507565, 0.492300, 0.492630, 0.492894],
  "merges_per_repair_iteration": [[5, 3], [11, 4], [53, 6], [162, 14], [330, 82]],
  "node_count_over_time": [68, 117, 282, 498, 1075],
  "class_count_over_time": [33, 55, 127, 219, 446]

}