{
  "n_rules": 38,
  "n_input_exprs": 5,
  "time_sec_match": [0.007997, 0.479018, 0.470305, 0.469153, 0.463598],
  "time_sec_apply": [0.000058, 0.000059, 0.000063, 0.000066, 0.000066],
  "time_sec_repair_step1": [[0.007340, 0.007399], [0.007217, 0.007920], [0.007342, 0.007254], [0.007286, 0.007285], [0.005755, 0.007865]],
  "time_sec_repair_step2": [[0.068393, 0.000043], [0.007428, 0.000026], [0.007995, 0.000046], [0.008027, 0.000048], [0.007096, 0.000105]],
  "time_sec_repair_step4": [[0.000041, 0.000029], [0.000025, 0.000032], [0.000105, 0.000078], [0.000097, 0.000071], [0.000209, 0.000174]],
  "time_sec_full_iteration": [0.091365, 0.501823, 0.493261, 0.492129, 0.484949],
  "merges_per_repair_iteration": [[5, 3], [11, 4], [53, 6], [162, 14], [330, 64]],
  "node_count_over_time": [68, 117, 282, 502, 1075],
  "class_count_over_time": [33, 55, 127, 223, 443]

}