{
  "n_rules": 38,
  "n_input_exprs": 5,
  "time_sec_match": [0.007946, 0.486833, 0.468262, 0.470154, 0.472034],
  "time_sec_apply": [0.000050, 0.000057, 0.000061, 0.000061, 0.000065],
  "time_sec_repair_step1": [[0.006495, 0.007848], [0.007911, 0.007995], [0.007221, 0.007321], [0.006962, 0.007192], [0.007296, 0.007335]],
  "time_sec_repair_step2": [[0.060513, 0.000042], [0.007392, 0.000026], [0.007452, 0.000048], [0.007858, 0.000048], [0.008089, 0.000112]],
  "time_sec_repair_step4": [[0.000040, 0.000028], [0.000024, 0.000032], [0.000112, 0.000083], [0.000094, 0.000072], [0.000233, 0.000199]],
  "time_sec_full_iteration": [0.083051, 0.510346, 0.490636, 0.492526, 0.495446],
  "merges_per_repair_iteration": [[5, 3], [11, 4], [53, 6], [162, 14], [330, 81]],
  "node_count_over_time": [68, 117, 282, 498, 1075],
  "class_count_over_time": [33, 55, 127, 219, 447]

}