{
  "n_rules": 56,
  "n_input_exprs": 10,
  "time_sec_match": [0.005104, 0.450679, 0.448208, 0.442717, 0.445004],
  "time_sec_apply": [0.000074, 0.000055, 0.000056, 0.000059, 0.000058],
  "time_sec_repair_step1": [[0.005651, 0.005628], [0.005043, 0.005042], [0.002571, 0.005567], [0.005660, 0.005628], [0.004674, 0.004923, 0.005633]],
  "time_sec_repair_step2": [[0.100803, 0.000041], [0.005636, 0.000025], [0.005207, 0.000047], [0.005155, 0.000045], [0.006179, 0.000663, 0.000146]],
  "time_sec_repair_step4": [[0.000039, 0.000027], [0.000032, 0.000029], [0.000117, 0.000075], [0.000130, 0.000066], [0.000246, 0.000221, 0.000062]],
  "time_sec_full_iteration": [0.117470, 0.466623, 0.461927, 0.459531, 0.467896],
  "merges_per_repair_iteration": [[6, 3], [15, 4], [66, 6], [207, 14], [421, 86, 2]],
  "node_count_over_time": [122, 219, 471, 818, 1634],
  "class_count_over_time": [61, 94, 185, 314, 604]

}