{
  "n_rules": 56,
  "n_input_exprs": 10,
  "time_sec_match": [0.005098, 0.450255, 0.443023, 0.442850, 0.445444],
  "time_sec_apply": [0.000076, 0.000062, 0.000055, 0.000062, 0.000054],
  "time_sec_repair_step1": [[0.005641, 0.005611], [0.005035, 0.005038], [0.005059, 0.005032], [0.002302, 0.003414], [0.005592, 0.005675, 0.005100]],
  "time_sec_repair_step2": [[0.104112, 0.000042], [0.005682, 0.000024], [0.005819, 0.000048], [0.004954, 0.000046], [0.005640, 0.000663, 0.000146]],
  "time_sec_repair_step4": [[0.000039, 0.000027], [0.000033, 0.000029], [0.000113, 0.000087], [0.000121, 0.000067], [0.000242, 0.000216, 0.000062]],
  "time_sec_full_iteration": [0.120720, 0.466216, 0.459315, 0.453889, 0.468933],
  "merges_per_repair_iteration": [[6, 3], [15, 4], [65, 6], [234, 14], [446, 95, 3]],
  "node_count_over_time": [122, 219, 473, 820, 1636],
  "class_count_over_time": [61, 94, 185, 313, 603]

}