{
  "n_rules": 56,
  "n_input_exprs": 10,
  "time_sec_match": [0.005709, 0.455689, 0.443489, 0.441003, 0.446553],
  "time_sec_apply": [0.000067, 0.000057, 0.000067, 0.000056, 0.000068],
  "time_sec_repair_step1": [[0.005090, 0.005104], [0.002899, 0.005115], [0.004694, 0.004927], [0.005582, 0.005653], [0.002505, 0.005008, 0.005707]],
  "time_sec_repair_step2": [[0.093338, 0.000041], [0.005652, 0.000025], [0.005714, 0.000048], [0.005143, 0.000045], [0.006178, 0.000679, 0.000146]],
  "time_sec_repair_step4": [[0.000040, 0.000026], [0.000033, 0.000030], [0.000121, 0.000079], [0.000120, 0.000063], [0.000261, 0.000246, 0.000060]],
  "time_sec_full_iteration": [0.109482, 0.469570, 0.459209, 0.457751, 0.467519],
  "merges_per_repair_iteration": [[6, 3], [15, 4], [67, 6], [229, 14], [445, 110, 3]],
  "node_count_over_time": [122, 218, 471, 812, 1644],
  "class_count_over_time": [61, 93, 184, 308, 616]

}