{
  "n_rules": 56,
  "n_input_exprs": 10,
  "time_sec_match": [0.005642, 0.448265, 0.440452, 0.442389, 0.439707],
  "time_sec_apply": [0.000065, 0.000071, 0.000055, 0.000052, 0.000063],
  "time_sec_repair_step1": [[0.005124, 0.005095], [0.004471, 0.005571], [0.005674, 0.005625], [0.002587, 0.005628], [0.005101, 0.005049, 0.005611]],
  "time_sec_repair_step2": [[0.101399, 0.000041], [0.004751, 0.000025], [0.005215, 0.000051], [0.008411, 0.000047], [0.006180, 0.000654, 0.000144]],
  "time_sec_repair_step4": [[0.000039, 0.000026], [0.000037, 0.000031], [0.000094, 0.000069], [0.000128, 0.000067], [0.000257, 0.000231, 0.000060]],
  "time_sec_full_iteration": [0.117508, 0.463292, 0.457305, 0.459396, 0.463157],
  "merges_per_repair_iteration": [[6, 3], [15, 4], [65, 6], [232, 14], [450, 94, 2]],
  "node_count_over_time": [122, 218, 472, 812, 1633],
  "class_count_over_time": [61, 94, 185, 306, 608]

}