{
  "n_rules": 56,
  "n_input_exprs": 10,
  "time_sec_match": [0.003722, 0.450148, 0.445687, 0.443411, 0.441678],
  "time_sec_apply": [0.000074, 0.000052, 0.000066, 0.000058, 0.000060],
  "time_sec_repair_step1": [[0.005089, 0.005081], [0.005600, 0.005617], [0.004743, 0.005602], [0.003464, 0.005087], [0.004720, 0.004961, 0.005624]],
  "time_sec_repair_step2": [[0.111772, 0.000041], [0.005088, 0.000024], [0.005206, 0.000047], [0.008473, 0.000047], [0.006187, 0.000657, 0.000144]],
  "time_sec_repair_step4": [[0.000040, 0.000027], [0.000033, 0.000029], [0.000104, 0.000068], [0.000109, 0.000066], [0.000265, 0.000254, 0.000061]],
  "time_sec_full_iteration": [0.125935, 0.466667, 0.461593, 0.460789, 0.464719],
  "merges_per_repair_iteration": [[6, 3], [15, 4], [65, 6], [210, 14], [425, 104, 3]],
  "node_count_over_time": [122, 218, 469, 812, 1633],
  "class_count_over_time": [61, 94, 185, 310, 608]

}