{
  "n_rules": 56,
  "n_input_exprs": 10,
  "time_sec_match": [0.006396, 0.453436, 0.442553, 0.443320, 0.441597],
  "time_sec_apply": [0.000078, 0.000063, 0.000057, 0.000063, 0.000063],
  "time_sec_repair_step1": [[0.005044, 0.005600], [0.002474, 0.002765], [0.005630, 0.005644], [0.004495, 0.005145], [0.003487, 0.003482, 0.005051]],
  "time_sec_repair_step2": [[0.105546, 0.000040], [0.007691, 0.000025], [0.004277, 0.000048], [0.005667, 0.000047], [0.005730, 0.000654, 0.000142]],
  "time_sec_repair_step4": [[0.000040, 0.000026], [0.000033, 0.000030], [0.000116, 0.000075], [0.000111, 0.000066], [0.000265, 0.000248, 0.000061]],
  "time_sec_full_iteration": [0.122888, 0.466601, 0.458474, 0.459011, 0.460864],
  "merges_per_repair_iteration": [[6, 3], [15, 4], [64, 6], [208, 14], [431, 104, 2]],
  "node_count_over_time": [122, 219, 472, 813, 1630],
  "class_count_over_time": [61, 94, 185, 309, 614]

}