{
  "n_rules": 56,
  "n_input_exprs": 10,
  "time_sec_match": [0.005134, 0.455928, 0.431564, 0.443098, 0.445808],
  "time_sec_apply": [0.000060, 0.000059, 0.000058, 0.000065, 0.000064],
  "time_sec_repair_step1": [[0.005633, 0.005127], [0.005084, 0.005039], [0.002378, 0.004689], [0.003420, 0.002914], [0.005594, 0.005658, 0.005051]],
  "time_sec_repair_step2": [[0.106345, 0.000041], [0.005647, 0.000024], [0.004826, 0.000048], [0.007789, 0.000048], [0.005690, 0.000663, 0.000145]],
  "time_sec_repair_step4": [[0.000041, 0.000026], [0.000034, 0.000030], [0.000111, 0.000085], [0.000118, 0.000067], [0.000261, 0.000236, 0.000061]],
  "time_sec_full_iteration": [0.122483, 0.471916, 0.443836, 0.457629, 0.469362],
  "merges_per_repair_iteration": [[6, 3], [15, 4], [65, 6], [226, 14], [445, 104, 3]],
  "node_count_over_time": [122, 217, 467, 809, 1618],
  "class_count_over_time": [61, 93, 184, 308, 602]

}