{
  "n_rules": 56,
  "n_input_exprs": 10,
  "time_sec_match": [0.005093, 0.456674, 0.443016, 0.440158, 0.448370],
  "time_sec_apply": [0.000066, 0.000052, 0.000061, 0.000056, 0.000057],
  "time_sec_repair_step1": [[0.003908, 0.005064], [0.002343, 0.004975], [0.005056, 0.005076], [0.005618, 0.005602], [0.003500, 0.005053, 0.005618]],
  "time_sec_repair_step2": [[0.090095, 0.000042], [0.007271, 0.000025], [0.005814, 0.000048], [0.005185, 0.000045], [0.009161, 0.000663, 0.000144]],
  "time_sec_repair_step4": [[0.000040, 0.000026], [0.000032, 0.000030], [0.000102, 0.000081], [0.000114, 0.000066], [0.000251, 0.000218, 0.000061]],
  "time_sec_full_iteration": [0.104401, 0.471482, 0.459325, 0.456935, 0.473191],
  "merges_per_repair_iteration": [[6, 3], [15, 4], [66, 6], [210, 14], [418, 95, 3]],
  "node_count_over_time": [122, 219, 469, 816, 1616],
  "class_count_over_time": [61, 94, 185, 314, 594]

}