{
  "n_rules": 56,
  "n_input_exprs": 10,
  "time_sec_match": [0.005071, 0.453721, 0.439091, 0.444329, 0.446992],
  "time_sec_apply": [0.000062, 0.000056, 0.000057, 0.000055, 0.000057],
  "time_sec_repair_step1": [[0.005622, 0.005095], [0.004521, 0.005045], [0.003432, 0.002915], [0.004663, 0.004920], [0.005627, 0.005598, 0.005090]],
  "time_sec_repair_step2": [[0.095633, 0.000042], [0.005723, 0.000025], [0.007817, 0.000047], [0.003521, 0.000045], [0.005645, 0.000653, 0.000146]],
  "time_sec_repair_step4": [[0.000040, 0.000026], [0.000034, 0.000031], [0.000111, 0.000086], [0.000119, 0.000066], [0.000252, 0.000217, 0.000061]],
  "time_sec_full_iteration": [0.111671, 0.469223, 0.453665, 0.457794, 0.470437],
  "merges_per_repair_iteration": [[6, 3], [15, 4], [65, 6], [232, 14], [444, 89, 3]],
  "node_count_over_time": [122, 217, 469, 815, 1623],
  "class_count_over_time": [61, 94, 185, 313, 603]

}