{
  "n_rules": 56,
  "n_input_exprs": 10,
  "time_sec_match": [0.005707, 0.453556, 0.443411, 0.443081, 0.442795],
  "time_sec_apply": [0.000068, 0.000058, 0.000058, 0.000064, 0.000057],
  "time_sec_repair_step1": [[0.005053, 0.005093], [0.005091, 0.005104], [0.002511, 0.004994], [0.004688, 0.005616], [0.005680, 0.005621, 0.005048]],
  "time_sec_repair_step2": [[0.093177, 0.000041], [0.005678, 0.000025], [0.008006, 0.000047], [0.005147, 0.000047], [0.005682, 0.000662, 0.000142]],
  "time_sec_repair_step4": [[0.000039, 0.000025], [0.000032, 0.000029], [0.000106, 0.000084], [0.000133, 0.000066], [0.000257, 0.000222, 0.000061]],
  "time_sec_full_iteration": [0.109260, 0.469640, 0.459302, 0.458907, 0.466325],
  "merges_per_repair_iteration": [[6, 3], [14, 4], [65, 6], [213, 14], [422, 95, 2]],
  "node_count_over_time": [122, 218, 471, 819, 1643],
  "class_count_over_time": [61, 94, 185, 314, 615]

}