{
  "n_rules": 56,
  "n_input_exprs": 20,
  "time_sec_match": [0.005079, 0.455692, 0.446407, 0.450283, 0.442841],
  "time_sec_apply": [0.000073, 0.000057, 0.000054, 0.000068, 0.000058],
  "time_sec_repair_step1": [[0.005639, 0.005019], [0.004707, 0.004922], [0.002900, 0.002935], [0.004668, 0.004931], [0.005582, 0.005656, 0.005091]],
  "time_sec_repair_step2": [[0.031095, 0.000050], [0.005595, 0.000025], [0.004980, 0.000048], [0.005657, 0.000046], [0.006184, 0.001122, 0.000144]],
  "time_sec_repair_step4": [[0.000039, 0.000026], [0.000030, 0.000030], [0.000084, 0.000057], [0.000131, 0.000065], [0.000255, 0.000225, 0.000062]],
  "time_sec_full_iteration": [0.047096, 0.471163, 0.457533, 0.465930, 0.467340],
  "merges_per_repair_iteration": [[6, 3], [16, 4], [91, 6], [248, 14], [470, 99, 3]],
  "node_count_over_time": [280, 436, 769, 1157, 1992],
  "class_count_over_time": [130, 183, 296, 428, 738]

}