{
  "n_rules": 56,
  "n_input_exprs": 20,
  "time_sec_match": [0.005665, 0.451259, 0.444927, 0.442995, 0.440169],
  "time_sec_apply": [0.000083, 0.000056, 0.000061, 0.000057, 0.000060],
  "time_sec_repair_step1": [[0.005092, 0.005089], [0.005617, 0.005622], [0.002496, 0.004922], [0.005607, 0.005653], [0.005091, 0.005073, 0.005614]],
  "time_sec_repair_step2": [[0.048354, 0.000048], [0.005129, 0.000026], [0.005899, 0.000048], [0.005212, 0.000047], [0.006753, 0.001130, 0.000144]],
  "time_sec_repair_step4": [[0.000039, 0.000026], [0.000028, 0.000031], [0.000080, 0.000057], [0.000113, 0.000068], [0.000246, 0.000232, 0.000060]],
  "time_sec_full_iteration": [0.064473, 0.467862, 0.458580, 0.459819, 0.464677],
  "merges_per_repair_iteration": [[6, 3], [16, 4], [91, 6], [257, 14], [469, 98, 3]],
  "node_count_over_time": [280, 438, 774, 1163, 1996],
  "class_count_over_time": [130, 184, 297, 433, 738]

}