{
  "n_rules": 56,
  "n_input_exprs": 20,
  "time_sec_match": [0.005079, 0.451090, 0.441445, 0.444537, 0.440391],
  "time_sec_apply": [0.000078, 0.000060, 0.000058, 0.000068, 0.000058],
  "time_sec_repair_step1": [[0.005586, 0.004511], [0.005094, 0.005079], [0.002287, 0.004737], [0.005109, 0.005073], [0.005626, 0.005618, 0.005097]],
  "time_sec_repair_step2": [[0.047860, 0.000046], [0.005714, 0.000027], [0.006030, 0.000047], [0.005770, 0.000048], [0.006150, 0.001129, 0.000156]],
  "time_sec_repair_step4": [[0.000039, 0.000026], [0.000029, 0.000031], [0.000110, 0.000074], [0.000119, 0.000068], [0.000254, 0.000224, 0.000063]],
  "time_sec_full_iteration": [0.063303, 0.467234, 0.454892, 0.460865, 0.464858],
  "merges_per_repair_iteration": [[6, 3], [16, 4], [90, 6], [255, 14], [475, 93, 2]],
  "node_count_over_time": [280, 437, 772, 1167, 1992],
  "class_count_over_time": [130, 184, 297, 433, 729]

}