{
  "n_rules": 56,
  "n_input_exprs": 20,
  "time_sec_match": [0.005685, 0.453081, 0.447058, 0.440538, 0.446242],
  "time_sec_apply": [0.000077, 0.000059, 0.000054, 0.000062, 0.000059],
  "time_sec_repair_step1": [[0.005103, 0.005052], [0.005681, 0.005654], [0.005056, 0.005064], [0.002490, 0.002797], [0.005022, 0.005103, 0.005629]],
  "time_sec_repair_step2": [[0.059082, 0.000048], [0.005139, 0.000027], [0.005796, 0.000049], [0.005103, 0.000048], [0.006716, 0.001124, 0.000147]],
  "time_sec_repair_step4": [[0.000039, 0.000027], [0.000028, 0.000031], [0.000101, 0.000077], [0.000114, 0.000066], [0.000263, 0.000254, 0.000061]],
  "time_sec_full_iteration": [0.075201, 0.469770, 0.463320, 0.451299, 0.470716],
  "merges_per_repair_iteration": [[6, 3], [16, 4], [86, 6], [265, 14], [493, 100, 3]],
  "node_count_over_time": [280, 438, 770, 1161, 1983],
  "class_count_over_time": [130, 183, 296, 430, 724]

}