{
  "n_rules": 56,
  "n_input_exprs": 20,
  "time_sec_match": [0.005633, 0.451662, 0.446736, 0.440853, 0.443711],
  "time_sec_apply": [0.000078, 0.000063, 0.000053, 0.000064, 0.000061],
  "time_sec_repair_step1": [[0.003376, 0.005075], [0.004527, 0.005075], [0.002890, 0.005099], [0.002923, 0.004151], [0.005086, 0.005113, 0.005633]],
  "time_sec_repair_step2": [[0.032512, 0.000048], [0.005709, 0.000027], [0.005749, 0.000051], [0.005678, 0.000045], [0.006755, 0.001127, 0.000150]],
  "time_sec_repair_step4": [[0.000039, 0.000026], [0.000029, 0.000031], [0.000099, 0.000082], [0.000116, 0.000065], [0.000267, 0.000234, 0.000061]],
  "time_sec_full_iteration": [0.046904, 0.467193, 0.460834, 0.453962, 0.468308],
  "merges_per_repair_iteration": [[6, 3], [15, 4], [91, 6], [267, 14], [486, 93, 3]],
  "node_count_over_time": [280, 437, 771, 1152, 1979],
  "class_count_over_time": [130, 184, 297, 426, 726]

}