{
  "n_rules": 56,
  "n_input_exprs": 20,
  "time_sec_match": [0.005142, 0.458086, 0.447284, 0.442215, 0.446603],
  "time_sec_apply": [0.000087, 0.000070, 0.000056, 0.000062, 0.000062],
  "time_sec_repair_step1": [[0.005615, 0.005088], [0.002939, 0.005112], [0.004692, 0.004933], [0.003360, 0.005022], [0.002534, 0.005205, 0.005660]],
  "time_sec_repair_step2": [[0.042928, 0.000048], [0.005844, 0.000025], [0.005701, 0.000047], [0.003596, 0.000046], [0.008350, 0.001137, 0.000150]],
  "time_sec_repair_step4": [[0.000042, 0.000026], [0.000030, 0.000031], [0.000077, 0.000056], [0.000121, 0.000068], [0.000252, 0.000212, 0.000062]],
  "time_sec_full_iteration": [0.059034, 0.472212, 0.462920, 0.454552, 0.470341],
  "merges_per_repair_iteration": [[6, 3], [16, 4], [90, 6], [244, 14], [467, 96, 3]],
  "node_count_over_time": [279, 435, 773, 1165, 1991],
  "class_count_over_time": [129, 182, 296, 431, 725]

}