{
  "n_rules": 56,
  "n_input_exprs": 20,
  "time_sec_match": [0.005103, 0.451725, 0.445745, 0.447554, 0.445240],
  "time_sec_apply": [0.000077, 0.000057, 0.000055, 0.000055, 0.000060],
  "time_sec_repair_step1": [[0.005618, 0.005105], [0.004685, 0.005618], [0.000433, 0.003378], [0.005612, 0.005570], [0.005648, 0.005608, 0.005030]],
  "time_sec_repair_step2": [[0.042716, 0.000047], [0.005126, 0.000026], [0.005677, 0.000048], [0.005179, 0.000051], [0.006241, 0.001129, 0.000143]],
  "time_sec_repair_step4": [[0.000042, 0.000026], [0.000028, 0.000030], [0.000114, 0.000068], [0.000125, 0.000065], [0.000276, 0.000248, 0.000061]],
  "time_sec_full_iteration": [0.058798, 0.467368, 0.455602, 0.464297, 0.469795],
  "merges_per_repair_iteration": [[6, 3], [16, 4], [89, 6], [269, 14], [496, 97, 3]],
  "node_count_over_time": [280, 437, 769, 1155, 1968],
  "class_count_over_time": [130, 183, 296, 427, 719]

}