{
  "n_rules": 56,
  "n_input_exprs": 20,
  "time_sec_match": [0.005650, 0.450677, 0.442659, 0.446799, 0.441421],
  "time_sec_apply": [0.000085, 0.000059, 0.000058, 0.000056, 0.000057],
  "time_sec_repair_step1": [[0.005058, 0.005054], [0.004691, 0.004896], [0.002911, 0.003415], [0.005632, 0.005676], [0.005040, 0.005102, 0.005669]],
  "time_sec_repair_step2": [[0.048385, 0.000049], [0.005610, 0.000026], [0.008078, 0.000048], [0.005139, 0.000047], [0.006675, 0.001125, 0.000151]],
  "time_sec_repair_step4": [[0.000040, 0.000026], [0.000029, 0.000030], [0.000114, 0.000074], [0.000126, 0.000065], [0.000252, 0.000245, 0.000061]],
  "time_sec_full_iteration": [0.064428, 0.466076, 0.457448, 0.463610, 0.465905],
  "merges_per_repair_iteration": [[6, 3], [16, 4], [90, 6], [271, 14], [497, 105, 3]],
  "node_count_over_time": [280, 437, 772, 1161, 1995],
  "class_count_over_time": [130, 184, 298, 430, 735]

}