{
  "n_rules": 56,
  "n_input_exprs": 20,
  "time_sec_match": [0.005095, 0.456559, 0.441438, 0.442806, 0.442260],
  "time_sec_apply": [0.000075, 0.000072, 0.000058, 0.000067, 0.000061],
  "time_sec_repair_step1": [[0.005639, 0.005096], [0.004725, 0.004994], [0.003476, 0.005105], [0.004665, 0.004967], [0.005126, 0.005114, 0.005633]],
  "time_sec_repair_step2": [[0.042958, 0.000048], [0.005650, 0.000025], [0.008438, 0.000048], [0.005684, 0.000048], [0.006745, 0.001155, 0.000152]],
  "time_sec_repair_step4": [[0.000041, 0.000026], [0.000030, 0.000030], [0.000114, 0.000080], [0.000100, 0.000067], [0.000256, 0.000223, 0.000062]],
  "time_sec_full_iteration": [0.059050, 0.472150, 0.458834, 0.458471, 0.466881],
  "merges_per_repair_iteration": [[6, 3], [16, 4], [91, 6], [247, 14], [467, 104, 3]],
  "node_count_over_time": [280, 437, 773, 1163, 1993],
  "class_count_over_time": [130, 184, 297, 433, 736]

}