{
  "n_rules": 56,
  "n_input_exprs": 20,
  "time_sec_match": [0.005680, 0.458180, 0.442563, 0.444234, 0.443045],
  "time_sec_apply": [0.000083, 0.000069, 0.000059, 0.000055, 0.000064],
  "time_sec_repair_step1": [[0.005056, 0.005615], [0.005041, 0.005084], [0.002510, 0.005623], [0.005658, 0.005644], [0.002568, 0.004058, 0.005540]],
  "time_sec_repair_step2": [[0.042906, 0.000048], [0.005717, 0.000026], [0.007658, 0.000047], [0.005180, 0.000047], [0.006589, 0.001111, 0.000143]],
  "time_sec_repair_step4": [[0.000041, 0.000027], [0.000034, 0.000031], [0.000077, 0.000058], [0.000119, 0.000066], [0.000257, 0.000227, 0.000061]],
  "time_sec_full_iteration": [0.059537, 0.474262, 0.458681, 0.461076, 0.463763],
  "merges_per_repair_iteration": [[6, 3], [16, 4], [90, 6], [245, 14], [470, 111, 3]],
  "node_count_over_time": [280, 437, 773, 1165, 2004],
  "class_count_over_time": [130, 183, 296, 428, 736]

}