{
  "n_rules": 20,
  "n_input_exprs": 22,
  "time_sec_match": [0.007329, 0.472654, 0.475197, 0.475061, 0.474060],
  "time_sec_apply": [0.000073, 0.000042, 0.000037, 0.000027, 0.000019],
  "time_sec_repair_step1": [[0.007825, 0.007839], [0.007911], [0.005903], [0.006970], [0.005098]],
  "time_sec_repair_step2": [[0.007479, 0.000034], [0.007467], [0.005832], [0.007796], [0.007064]],
  "time_sec_repair_step4": [[0.000037, 0.000024], [0.000018], [0.000030], [0.000038], [0.000003]],
  "time_sec_full_iteration": [0.030709, 0.488155, 0.487048, 0.489958, 0.486342],
  "merges_per_repair_iteration": [[5, 3], [8], [18], [20], [19]],
  "node_count_over_time": [279, 333, 373, 381, 383],
  "class_count_over_time": [127, 146, 152, 153, 153]

}