{
  "n_rules": 20,
  "n_input_exprs": 22,
  "time_sec_match": [0.007841, 0.466486, 0.478058, 0.474495, 0.473943],
  "time_sec_apply": [0.000071, 0.000042, 0.000038, 0.000023, 0.000019],
  "time_sec_repair_step1": [[0.006164, 0.007330], [0.006188], [0.007348], [0.007345], [0.005197]],
  "time_sec_repair_step2": [[0.008030, 0.000035], [0.005275], [0.007981], [0.008036], [0.007200]],
  "time_sec_repair_step4": [[0.000034, 0.000026], [0.000019], [0.000032], [0.000035], [0.000003]],
  "time_sec_full_iteration": [0.029597, 0.478063, 0.493506, 0.489993, 0.486414],
  "merges_per_repair_iteration": [[5, 3], [9], [18], [19], [19]],
  "node_count_over_time": [279, 333, 370, 378, 380],
  "class_count_over_time": [127, 146, 152, 153, 153]

}