{
  "n_rules": 20,
  "n_input_exprs": 22,
  "time_sec_match": [0.007835, 0.453294, 0.473782, 0.472286, 0.474677],
  "time_sec_apply": [0.000071, 0.000044, 0.000038, 0.000027, 0.000019],
  "time_sec_repair_step1": [[0.006428, 0.007182], [0.004544], [0.006447], [0.006759], [0.005131]],
  "time_sec_repair_step2": [[0.008002, 0.000035], [0.007239], [0.007903], [0.007953], [0.007114]],
  "time_sec_repair_step4": [[0.000035, 0.000025], [0.000026], [0.000033], [0.000038], [0.000003]],
  "time_sec_full_iteration": [0.029686, 0.465199, 0.488252, 0.487103, 0.487005],
  "merges_per_repair_iteration": [[5, 3], [9], [18], [20], [19]],
  "node_count_over_time": [279, 333, 372, 380, 382],
  "class_count_over_time": [127, 146, 152, 153, 153]

}