{
  "n_rules": 20,
  "n_input_exprs": 22,
  "time_sec_match": [0.007267, 0.468520, 0.479423, 0.475432, 0.479122],
  "time_sec_apply": [0.000073, 0.000040, 0.000037, 0.000026, 0.000018],
  "time_sec_repair_step1": [[0.007863, 0.005769], [0.005048], [0.007947], [0.007993], [0.007922]],
  "time_sec_repair_step2": [[0.005711, 0.000034], [0.007098], [0.007425], [0.007390], [0.006757]],
  "time_sec_repair_step4": [[0.000035, 0.000026], [0.000025], [0.000033], [0.000038], [0.000003]],
  "time_sec_full_iteration": [0.026853, 0.480783, 0.494917, 0.490935, 0.493882],
  "merges_per_repair_iteration": [[5, 3], [10], [18], [20], [19]],
  "node_count_over_time": [279, 333, 373, 381, 383],
  "class_count_over_time": [127, 146, 152, 153, 153]

}