{
  "n_rules": 20,
  "n_input_exprs": 22,
  "time_sec_match": [0.007340, 0.466254, 0.472542, 0.473491, 0.475898],
  "time_sec_apply": [0.000063, 0.000041, 0.000030, 0.000018, 0.000018],
  "time_sec_repair_step1": [[0.007808, 0.007877], [0.004788], [0.007320], [0.007279], [0.003600]],
  "time_sec_repair_step2": [[0.007447, 0.000033], [0.007359], [0.007940], [0.007939], [0.007484]],
  "time_sec_repair_step4": [[0.000035, 0.000024], [0.000019], [0.000035], [0.000034], [0.000003]],
  "time_sec_full_iteration": [0.030704, 0.478514, 0.487912, 0.488806, 0.487075],
  "merges_per_repair_iteration": [[5, 3], [8], [19], [19], [19]],
  "node_count_over_time": [279, 333, 373, 381, 383],
  "class_count_over_time": [127, 146, 152, 153, 153]

}