{
  "n_rules": 20,
  "n_input_exprs": 22,
  "time_sec_match": [0.007891, 0.468735, 0.474424, 0.477552, 0.477823],
  "time_sec_apply": [0.000073, 0.000041, 0.000036, 0.000022, 0.000018],
  "time_sec_repair_step1": [[0.007291, 0.005444], [0.007108], [0.006722], [0.007823], [0.004833]],
  "time_sec_repair_step2": [[0.007978, 0.000033], [0.007334], [0.007940], [0.007333], [0.006412]],
  "time_sec_repair_step4": [[0.000035, 0.000024], [0.000019], [0.000032], [0.000034], [0.000003]],
  "time_sec_full_iteration": [0.028836, 0.483287, 0.489201, 0.492813, 0.489142],
  "merges_per_repair_iteration": [[5, 3], [8], [18], [19], [19]],
  "node_count_over_time": [279, 333, 373, 381, 383],
  "class_count_over_time": [127, 146, 152, 153, 153]

}