{
  "n_rules": 20,
  "n_input_exprs": 22,
  "time_sec_match": [0.007896, 0.467503, 0.475703, 0.475933, 0.478172],
  "time_sec_apply": [0.000070, 0.000042, 0.000035, 0.000026, 0.000019],
  "time_sec_repair_step1": [[0.007284, 0.007267], [0.005746], [0.007862], [0.005777], [0.007281]],
  "time_sec_repair_step2": [[0.008031, 0.000034], [0.007082], [0.007371], [0.007418], [0.007869]],
  "time_sec_repair_step4": [[0.000036, 0.000024], [0.000020], [0.000033], [0.000037], [0.000004]],
  "time_sec_full_iteration": [0.030713, 0.480441, 0.491061, 0.489244, 0.493401],
  "merges_per_repair_iteration": [[5, 3], [9], [18], [20], [19]],
  "node_count_over_time": [279, 333, 373, 381, 383],
  "class_count_over_time": [127, 146, 152, 153, 153]

}