{
  "n_rules": 20,
  "n_input_exprs": 22,
  "time_sec_match": [0.007812, 0.461463, 0.479284, 0.476590, 0.475724],
  "time_sec_apply": [0.000067, 0.000040, 0.000031, 0.000026, 0.000018],
  "time_sec_repair_step1": [[0.007235, 0.007313], [0.005134], [0.006938], [0.007863], [0.003612]],
  "time_sec_repair_step2": [[0.008055, 0.000035], [0.007125], [0.007841], [0.007356], [0.005202]],
  "time_sec_repair_step4": [[0.000035, 0.000025], [0.000018], [0.000032], [0.000037], [0.000004]],
  "time_sec_full_iteration": [0.030647, 0.473833, 0.494192, 0.491925, 0.484625],
  "merges_per_repair_iteration": [[5, 3], [8], [18], [20], [19]],
  "node_count_over_time": [279, 333, 373, 381, 383],
  "class_count_over_time": [127, 146, 152, 153, 153]

}