{
  "n_rules": 20,
  "n_input_exprs": 22,
  "time_sec_match": [0.005658, 0.477465, 0.481675, 0.473588, 0.473139],
  "time_sec_apply": [0.000070, 0.000042, 0.000031, 0.000019, 0.000019],
  "time_sec_repair_step1": [[0.005096, 0.007774], [0.005814], [0.007316], [0.007914], [0.005698]],
  "time_sec_repair_step2": [[0.010941, 0.000033], [0.007276], [0.007930], [0.007500], [0.007031]],
  "time_sec_repair_step4": [[0.000034, 0.000024], [0.000019], [0.000033], [0.000035], [0.000003]],
  "time_sec_full_iteration": [0.029710, 0.490672, 0.497043, 0.489108, 0.485944],
  "merges_per_repair_iteration": [[5, 3], [8], [18], [19], [19]],
  "node_count_over_time": [279, 333, 370, 378, 380],
  "class_count_over_time": [127, 146, 152, 153, 153]

}