{
  "n_rules": 20,
  "n_input_exprs": 22,
  "time_sec_match": [0.007819, 0.467838, 0.481063, 0.473153, 0.476171],
  "time_sec_apply": [0.000070, 0.000040, 0.000033, 0.000027, 0.000018],
  "time_sec_repair_step1": [[0.007276, 0.005138], [0.005676], [0.007890], [0.007810], [0.004524]],
  "time_sec_repair_step2": [[0.006011, 0.000034], [0.007663], [0.007432], [0.007336], [0.006210]],
  "time_sec_repair_step4": [[0.000035, 0.000024], [0.000025], [0.000033], [0.000038], [0.000004]],
  "time_sec_full_iteration": [0.026468, 0.481294, 0.496503, 0.488415, 0.486983],
  "merges_per_repair_iteration": [[5, 3], [9], [18], [20], [19]],
  "node_count_over_time": [279, 333, 373, 381, 383],
  "class_count_over_time": [127, 146, 152, 153, 153]

}