{
  "n_rules": 46,
  "n_input_exprs": 20,
  "time_sec_match": [0.007937, 0.464665, 0.467864, 0.474434, 0.468761],
  "time_sec_apply": [0.000076, 0.000062, 0.000062, 0.000072, 0.000060],
  "time_sec_repair_step1": [[0.007269, 0.007342], [0.007318, 0.007363], [0.004740, 0.005150], [0.007874, 0.007937], [0.006899, 0.007213]],
  "time_sec_repair_step2": [[0.007976, 0.000050], [0.007937, 0.000028], [0.007305, 0.000052], [0.007379, 0.000050], [0.008065, 0.000114]],
  "time_sec_repair_step4": [[0.000038, 0.000028], [0.000029, 0.000032], [0.000110, 0.000083], [0.000110, 0.000071], [0.000223, 0.000196]],
  "time_sec_full_iteration": [0.030782, 0.487500, 0.485437, 0.497992, 0.491625],
  "merges_per_repair_iteration": [[5, 3], [13, 4], [84, 6], [235, 14], [401, 72]],
  "node_count_over_time": [280, 427, 725, 1008, 1588],
  "class_count_over_time": [130, 180, 287, 387, 619]

}