{
  "n_rules": 46,
  "n_input_exprs": 20,
  "time_sec_match": [0.007350, 0.469977, 0.472846, 0.466931, 0.470310],
  "time_sec_apply": [0.000083, 0.000059, 0.000059, 0.000061, 0.000067],
  "time_sec_repair_step1": [[0.007923, 0.007790], [0.007307, 0.007028], [0.007924, 0.007925], [0.007852, 0.007874], [0.007968, 0.006063]],
  "time_sec_repair_step2": [[0.007518, 0.000048], [0.007996, 0.000026], [0.007442, 0.000051], [0.007409, 0.000047], [0.007729, 0.000114]],
  "time_sec_repair_step4": [[0.000038, 0.000027], [0.000029, 0.000032], [0.000079, 0.000060], [0.000094, 0.000070], [0.000228, 0.000200]],
  "time_sec_full_iteration": [0.030841, 0.492527, 0.496455, 0.490412, 0.492784],
  "merges_per_repair_iteration": [[5, 3], [13, 4], [84, 6], [232, 14], [403, 72]],
  "node_count_over_time": [280, 428, 722, 1006, 1579],
  "class_count_over_time": [130, 179, 285, 386, 608]

}