{
  "n_rules": 46,
  "n_input_exprs": 20,
  "time_sec_match": [0.007327, 0.465613, 0.468026, 0.471809, 0.468922],
  "time_sec_apply": [0.000074, 0.000064, 0.000062, 0.000072, 0.000061],
  "time_sec_repair_step1": [[0.007842, 0.007833], [0.007955, 0.008022], [0.006968, 0.007249], [0.007835, 0.007929], [0.007926, 0.007947]],
  "time_sec_repair_step2": [[0.007477, 0.000049], [0.007426, 0.000028], [0.005714, 0.000051], [0.007366, 0.000048], [0.007625, 0.000118]],
  "time_sec_repair_step4": [[0.000038, 0.000029], [0.000031, 0.000033], [0.000111, 0.000082], [0.000101, 0.000069], [0.000230, 0.000199]],
  "time_sec_full_iteration": [0.030754, 0.489249, 0.488343, 0.495302, 0.493097],
  "merges_per_repair_iteration": [[5, 3], [13, 4], [82, 6], [233, 14], [406, 85]],
  "node_count_over_time": [280, 428, 724, 1009, 1591],
  "class_count_over_time": [130, 179, 285, 386, 627]

}