{
  "n_rules": 46,
  "n_input_exprs": 20,
  "time_sec_match": [0.007892, 0.467732, 0.471359, 0.468908, 0.465538],
  "time_sec_apply": [0.000081, 0.000059, 0.000061, 0.000060, 0.000065],
  "time_sec_repair_step1": [[0.007258, 0.007310], [0.007303, 0.007266], [0.005646, 0.007907], [0.007373, 0.007306], [0.006751, 0.007325]],
  "time_sec_repair_step2": [[0.008101, 0.000050], [0.007948, 0.000028], [0.006607, 0.000049], [0.008011, 0.000048], [0.008091, 0.000117]],
  "time_sec_repair_step4": [[0.000034, 0.000028], [0.000029, 0.000033], [0.000098, 0.000082], [0.000105, 0.000070], [0.000228, 0.000201]],
  "time_sec_full_iteration": [0.030825, 0.490501, 0.491879, 0.491991, 0.488401],
  "merges_per_repair_iteration": [[5, 3], [13, 4], [83, 6], [234, 14], [400, 78]],
  "node_count_over_time": [280, 427, 725, 1012, 1591],
  "class_count_over_time": [130, 180, 287, 388, 613]

}