{
  "n_rules": 46,
  "n_input_exprs": 20,
  "time_sec_match": [0.007260, 0.464695, 0.472668, 0.467101, 0.467025],
  "time_sec_apply": [0.000084, 0.000065, 0.000058, 0.000063, 0.000063],
  "time_sec_repair_step1": [[0.005107, 0.006473], [0.007268, 0.007304], [0.005893, 0.007854], [0.007869, 0.007851], [0.004761, 0.004992]],
  "time_sec_repair_step2": [[0.007991, 0.000049], [0.007925, 0.000027], [0.007505, 0.000049], [0.007035, 0.000050], [0.004656, 0.000108]],
  "time_sec_repair_step4": [[0.000039, 0.000027], [0.000027, 0.000032], [0.000076, 0.000059], [0.000108, 0.000070], [0.000218, 0.000190]],
  "time_sec_full_iteration": [0.027109, 0.487419, 0.494227, 0.490224, 0.482083],
  "merges_per_repair_iteration": [[5, 3], [14, 4], [83, 6], [225, 14], [386, 78]],
  "node_count_over_time": [279, 428, 725, 1009, 1593],
  "class_count_over_time": [129, 179, 286, 387, 615]

}