{
  "n_rules": 46,
  "n_input_exprs": 20,
  "time_sec_match": [0.007832, 0.464688, 0.470778, 0.464154, 0.468282],
  "time_sec_apply": [0.000085, 0.000059, 0.000056, 0.000056, 0.000061],
  "time_sec_repair_step1": [[0.007279, 0.007331], [0.007243, 0.007289], [0.007857, 0.007894], [0.007832, 0.007902], [0.007936, 0.007922]],
  "time_sec_repair_step2": [[0.008063, 0.000051], [0.006930, 0.000028], [0.007393, 0.000049], [0.007391, 0.000050], [0.007608, 0.000116]],
  "time_sec_repair_step4": [[0.000039, 0.000028], [0.000031, 0.000033], [0.000077, 0.000057], [0.000098, 0.000073], [0.000229, 0.000202]],
  "time_sec_full_iteration": [0.030777, 0.486377, 0.494222, 0.487627, 0.492439],
  "merges_per_repair_iteration": [[5, 3], [13, 4], [85, 6], [224, 14], [397, 78]],
  "node_count_over_time": [280, 425, 724, 1007, 1590],
  "class_count_over_time": [130, 178, 285, 385, 616]

}