{
  "n_rules": 46,
  "n_input_exprs": 20,
  "time_sec_match": [0.007884, 0.465252, 0.475292, 0.467670, 0.469259],
  "time_sec_apply": [0.000088, 0.000072, 0.000056, 0.000067, 0.000065],
  "time_sec_repair_step1": [[0.007319, 0.005447], [0.006175, 0.007292], [0.005744, 0.007959], [0.007355, 0.007341], [0.006898, 0.007283]],
  "time_sec_repair_step2": [[0.008096, 0.000049], [0.005848, 0.000028], [0.007437, 0.000050], [0.008003, 0.000051], [0.008033, 0.000113]],
  "time_sec_repair_step4": [[0.000039, 0.000027], [0.000030, 0.000032], [0.000131, 0.000077], [0.000095, 0.000072], [0.000232, 0.000202]],
  "time_sec_full_iteration": [0.029022, 0.484818, 0.496819, 0.490720, 0.492156],
  "merges_per_repair_iteration": [[5, 3], [14, 4], [84, 6], [233, 14], [403, 84]],
  "node_count_over_time": [279, 426, 721, 1005, 1587],
  "class_count_over_time": [129, 179, 286, 386, 612]

}