{
  "n_rules": 46,
  "n_input_exprs": 20,
  "time_sec_match": [0.007870, 0.467664, 0.467776, 0.469473, 0.468721],
  "time_sec_apply": [0.000086, 0.000066, 0.000060, 0.000057, 0.000065],
  "time_sec_repair_step1": [[0.007314, 0.007306], [0.007326, 0.007340], [0.004828, 0.007433], [0.005689, 0.007046], [0.007914, 0.007887]],
  "time_sec_repair_step2": [[0.008057, 0.000049], [0.008023, 0.000027], [0.007427, 0.000051], [0.007416, 0.000046], [0.007535, 0.000114]],
  "time_sec_repair_step4": [[0.000040, 0.000027], [0.000031, 0.000032], [0.000089, 0.000096], [0.000103, 0.000068], [0.000220, 0.000198]],
  "time_sec_full_iteration": [0.030812, 0.490592, 0.487823, 0.489967, 0.492737],
  "merges_per_repair_iteration": [[5, 3], [14, 4], [82, 6], [235, 14], [393, 75]],
  "node_count_over_time": [280, 428, 722, 1006, 1580],
  "class_count_over_time": [130, 180, 287, 387, 611]

}