{
  "n_rules": 46,
  "n_input_exprs": 20,
  "time_sec_match": [0.007919, 0.465170, 0.473095, 0.471551, 0.471702],
  "time_sec_apply": [0.000084, 0.000069, 0.000062, 0.000056, 0.000072],
  "time_sec_repair_step1": [[0.007270, 0.007237], [0.007363, 0.007317], [0.007113, 0.007898], [0.006379, 0.007253], [0.007885, 0.008013]],
  "time_sec_repair_step2": [[0.008041, 0.000048], [0.008015, 0.000027], [0.007418, 0.000053], [0.007911, 0.000046], [0.007558, 0.000119]],
  "time_sec_repair_step4": [[0.000038, 0.000027], [0.000030, 0.000033], [0.000088, 0.000077], [0.000100, 0.000068], [0.000224, 0.000201]],
  "time_sec_full_iteration": [0.030728, 0.488114, 0.495877, 0.493431, 0.495866],
  "merges_per_repair_iteration": [[5, 3], [14, 4], [83, 6], [233, 14], [407, 90]],
  "node_count_over_time": [280, 426, 724, 1006, 1595],
  "class_count_over_time": [130, 179, 286, 385, 624]

}