{
  "n_rules": 46,
  "n_input_exprs": 20,
  "time_sec_match": [0.007917, 0.463209, 0.465214, 0.475557, 0.468489],
  "time_sec_apply": [0.000078, 0.000071, 0.000061, 0.000059, 0.000062],
  "time_sec_repair_step1": [[0.007268, 0.007327], [0.007235, 0.007110], [0.004514, 0.007096], [0.007304, 0.007324], [0.007054, 0.007269]],
  "time_sec_repair_step2": [[0.008044, 0.000049], [0.007997, 0.000028], [0.005916, 0.000049], [0.008067, 0.000051], [0.008074, 0.000114]],
  "time_sec_repair_step4": [[0.000038, 0.000027], [0.000031, 0.000032], [0.000100, 0.000076], [0.000109, 0.000070], [0.000231, 0.000201]],
  "time_sec_full_iteration": [0.030824, 0.485791, 0.483098, 0.498622, 0.491553],
  "merges_per_repair_iteration": [[5, 3], [14, 4], [83, 6], [222, 14], [393, 87]],
  "node_count_over_time": [280, 427, 725, 1011, 1601],
  "class_count_over_time": [130, 180, 287, 388, 629]

}