{
  "n_rules": 20,
  "n_input_exprs": 10,
  "time_sec_match": [0.007358, 0.479581, 0.470839, 0.475804, 0.471063],
  "time_sec_apply": [0.000044, 0.000030, 0.000020, 0.000014, 0.000014],
  "time_sec_repair_step1": [[0.006026, 0.007341], [0.005802], [0.007901], [0.007883], [0.005701]],
  "time_sec_repair_step2": [[0.045460, 0.000029], [0.007305], [0.007402], [0.007350], [0.005702]],
  "time_sec_repair_step4": [[0.000038, 0.000025], [0.000003], [0.000004], [0.000004], [0.000003]],
  "time_sec_full_iteration": [0.066406, 0.492782, 0.486215, 0.491102, 0.482550],
  "merges_per_repair_iteration": [[5, 3], [7], [7], [7], [7]],
  "node_count_over_time": [102, 115, 120, 120, 120],
  "class_count_over_time": [48, 52, 52, 52, 52]

}