{
  "n_rules": 20,
  "n_input_exprs": 10,
  "time_sec_match": [0.007883, 0.477142, 0.474043, 0.473400, 0.474581],
  "time_sec_apply": [0.000052, 0.000029, 0.000019, 0.000014, 0.000014],
  "time_sec_repair_step1": [[0.007253, 0.007367], [0.005871], [0.004513], [0.007831], [0.007948]],
  "time_sec_repair_step2": [[0.053332, 0.000030], [0.005787], [0.007073], [0.007333], [0.005924]],
  "time_sec_repair_step4": [[0.000038, 0.000026], [0.000004], [0.000004], [0.000003], [0.000004]],
  "time_sec_full_iteration": [0.076045, 0.488895, 0.485716, 0.488641, 0.488523],
  "merges_per_repair_iteration": [[5, 3], [7], [7], [7], [7]],
  "node_count_over_time": [102, 115, 120, 120, 120],
  "class_count_over_time": [48, 52, 52, 52, 52]

}