{
  "n_rules": 20,
  "n_input_exprs": 10,
  "time_sec_match": [0.007307, 0.476044, 0.473989, 0.477722, 0.472996],
  "time_sec_apply": [0.000044, 0.000033, 0.000022, 0.000014, 0.000015],
  "time_sec_repair_step1": [[0.006904, 0.007323], [0.006963], [0.007144], [0.005989], [0.007355]],
  "time_sec_repair_step2": [[0.059549, 0.000029], [0.007817], [0.007928], [0.007823], [0.007974]],
  "time_sec_repair_step4": [[0.000037, 0.000026], [0.000004], [0.000003], [0.000004], [0.000004]],
  "time_sec_full_iteration": [0.081300, 0.490909, 0.489139, 0.491599, 0.488399],
  "merges_per_repair_iteration": [[5, 3], [7], [7], [7], [7]],
  "node_count_over_time": [102, 115, 120, 120, 120],
  "class_count_over_time": [48, 52, 52, 52, 52]

}