{
  "n_rules": 20,
  "n_input_exprs": 10,
  "time_sec_match": [0.007008, 0.480856, 0.472445, 0.477551, 0.473747],
  "time_sec_apply": [0.000042, 0.000033, 0.000021, 0.000015, 0.000015],
  "time_sec_repair_step1": [[0.007228, 0.007889], [0.007806], [0.005664], [0.006927], [0.007795]],
  "time_sec_repair_step2": [[0.045488, 0.000030], [0.007346], [0.007083], [0.007342], [0.006330]],
  "time_sec_repair_step4": [[0.000035, 0.000026], [0.000004], [0.000003], [0.000004], [0.000004]],
  "time_sec_full_iteration": [0.067840, 0.496104, 0.485270, 0.491885, 0.487938],
  "merges_per_repair_iteration": [[5, 3], [7], [7], [7], [7]],
  "node_count_over_time": [102, 115, 120, 120, 120],
  "class_count_over_time": [48, 52, 52, 52, 52]

}