{
  "n_rules": 20,
  "n_input_exprs": 10,
  "time_sec_match": [0.007297, 0.478731, 0.480068, 0.468963, 0.477592],
  "time_sec_apply": [0.000045, 0.000032, 0.000020, 0.000014, 0.000015],
  "time_sec_repair_step1": [[0.007795, 0.007913], [0.007853], [0.007908], [0.007826], [0.007850]],
  "time_sec_repair_step2": [[0.052652, 0.000031], [0.007313], [0.007370], [0.007350], [0.007336]],
  "time_sec_repair_step4": [[0.000035, 0.000031], [0.000003], [0.000004], [0.000003], [0.000003]],
  "time_sec_full_iteration": [0.075877, 0.493981, 0.495422, 0.484201, 0.492862],
  "merges_per_repair_iteration": [[5, 3], [7], [7], [7], [7]],
  "node_count_over_time": [102, 115, 120, 120, 120],
  "class_count_over_time": [48, 52, 52, 52, 52]

}