{
  "n_rules": 20,
  "n_input_exprs": 10,
  "time_sec_match": [0.007905, 0.483986, 0.469010, 0.474433, 0.468454],
  "time_sec_apply": [0.000043, 0.000036, 0.000018, 0.000016, 0.000016],
  "time_sec_repair_step1": [[0.007354, 0.007868], [0.007945], [0.005672], [0.006891], [0.007303]],
  "time_sec_repair_step2": [[0.040705, 0.000029], [0.007401], [0.007170], [0.007807], [0.007909]],
  "time_sec_repair_step4": [[0.000036, 0.000026], [0.000004], [0.000004], [0.000003], [0.000003]],
  "time_sec_full_iteration": [0.064047, 0.499427, 0.481924, 0.489204, 0.483760],
  "merges_per_repair_iteration": [[5, 3], [7], [7], [7], [7]],
  "node_count_over_time": [102, 115, 120, 120, 120],
  "class_count_over_time": [48, 52, 52, 52, 52]

}