{
  "n_rules": 20,
  "n_input_exprs": 10,
  "time_sec_match": [0.006428, 0.472599, 0.472377, 0.472148, 0.476384],
  "time_sec_apply": [0.000048, 0.000029, 0.000019, 0.000014, 0.000014],
  "time_sec_repair_step1": [[0.007800, 0.007257], [0.006675], [0.004719], [0.007347], [0.007867]],
  "time_sec_repair_step2": [[0.045587, 0.000029], [0.007306], [0.007238], [0.007932], [0.007356]],
  "time_sec_repair_step4": [[0.000036, 0.000026], [0.000004], [0.000004], [0.000003], [0.000004]],
  "time_sec_full_iteration": [0.067296, 0.486671, 0.484408, 0.487492, 0.491675],
  "merges_per_repair_iteration": [[5, 3], [7], [7], [7], [7]],
  "node_count_over_time": [102, 115, 120, 120, 120],
  "class_count_over_time": [48, 52, 52, 52, 52]

}