{
  "n_rules": 20,
  "n_input_exprs": 10,
  "time_sec_match": [0.007364, 0.481567, 0.472611, 0.478540, 0.472829],
  "time_sec_apply": [0.000050, 0.000036, 0.000023, 0.000016, 0.000016],
  "time_sec_repair_step1": [[0.007950, 0.007915], [0.007918], [0.007292], [0.007003], [0.007827]],
  "time_sec_repair_step2": [[0.048059, 0.000029], [0.007359], [0.007349], [0.007339], [0.007321]],
  "time_sec_repair_step4": [[0.000036, 0.000026], [0.000004], [0.000003], [0.000004], [0.000003]],
  "time_sec_full_iteration": [0.071517, 0.496937, 0.487331, 0.492957, 0.488044],
  "merges_per_repair_iteration": [[5, 3], [7], [7], [7], [7]],
  "node_count_over_time": [102, 115, 120, 120, 120],
  "class_count_over_time": [48, 52, 52, 52, 52]

}