{
  "n_rules": 20,
  "n_input_exprs": 10,
  "time_sec_match": [0.007876, 0.464536, 0.473162, 0.495944, 0.474568],
  "time_sec_apply": [0.000044, 0.000032, 0.000019, 0.000016, 0.000015],
  "time_sec_repair_step1": [[0.007220, 0.007270], [0.007322], [0.007800], [0.007638], [0.006968]],
  "time_sec_repair_step2": [[0.007929, 0.000028], [0.007938], [0.007299], [0.007823], [0.006686]],
  "time_sec_repair_step4": [[0.000034, 0.000025], [0.000005], [0.000004], [0.000004], [0.000003]],
  "time_sec_full_iteration": [0.030488, 0.479907, 0.488340, 0.511485, 0.488303],
  "merges_per_repair_iteration": [[5, 3], [7], [7], [7], [7]],
  "node_count_over_time": [102, 115, 120, 120, 120],
  "class_count_over_time": [48, 52, 52, 52, 52]

}