{
  "n_rules": 20,
  "n_input_exprs": 10,
  "time_sec_match": [0.007845, 0.480601, 0.475989, 0.473774, 0.475664],
  "time_sec_apply": [0.000046, 0.000031, 0.000020, 0.000015, 0.000015],
  "time_sec_repair_step1": [[0.007308, 0.006493], [0.007351], [0.007121], [0.007898], [0.007922]],
  "time_sec_repair_step2": [[0.034461, 0.000029], [0.007950], [0.007330], [0.006188], [0.007361]],
  "time_sec_repair_step4": [[0.000039, 0.000026], [0.000004], [0.000004], [0.000005], [0.000004]],
  "time_sec_full_iteration": [0.056317, 0.496001, 0.490525, 0.487934, 0.491017],
  "merges_per_repair_iteration": [[5, 3], [7], [7], [7], [7]],
  "node_count_over_time": [102, 115, 120, 120, 120],
  "class_count_over_time": [48, 52, 52, 52, 52]

}