{
  "n_rules": 46,
  "n_input_exprs": 5,
  "time_sec_match": [0.007374, 0.480450, 0.465472, 0.474317, 0.462917],
  "time_sec_apply": [0.000065, 0.000071, 0.000056, 0.000054, 0.000065],
  "time_sec_repair_step1": [[0.007906, 0.006212], [0.006953, 0.007812], [0.004729, 0.005322], [0.007868, 0.007861], [0.006676, 0.005224]],
  "time_sec_repair_step2": [[0.060273, 0.000042], [0.007303, 0.000026], [0.007130, 0.000047], [0.007386, 0.000049], [0.007886, 0.000113]],
  "time_sec_repair_step4": [[0.000040, 0.000028], [0.000028, 0.000030], [0.000088, 0.000058], [0.000094, 0.000071], [0.000231, 0.000199]],
  "time_sec_full_iteration": [0.082015, 0.502746, 0.482996, 0.497773, 0.483383],
  "merges_per_repair_iteration": [[5, 3], [12, 4], [57, 6], [177, 14], [332, 78]],
  "node_count_over_time": [71, 135, 326, 560, 1139],
  "class_count_over_time": [35, 62, 140, 235, 463]

}