{
  "n_rules": 46,
  "n_input_exprs": 5,
  "time_sec_match": [0.007834, 0.479894, 0.468371, 0.465417, 0.466685],
  "time_sec_apply": [0.000053, 0.000060, 0.000058, 0.000053, 0.000062],
  "time_sec_repair_step1": [[0.007323, 0.007311], [0.007274, 0.007354], [0.007870, 0.007885], [0.007097, 0.007333], [0.007403, 0.007417]],
  "time_sec_repair_step2": [[0.068406, 0.000043], [0.007935, 0.000026], [0.007423, 0.000047], [0.013265, 0.000047], [0.008109, 0.000111]],
  "time_sec_repair_step4": [[0.000039, 0.000028], [0.000028, 0.000031], [0.000103, 0.000081], [0.000102, 0.000071], [0.000225, 0.000194]],
  "time_sec_full_iteration": [0.091125, 0.502670, 0.491946, 0.493484, 0.490295],
  "merges_per_repair_iteration": [[5, 3], [12, 4], [56, 6], [177, 14], [340, 84]],
  "node_count_over_time": [71, 134, 326, 559, 1152],
  "class_count_over_time": [35, 62, 140, 234, 474]

}