{
  "n_rules": 46,
  "n_input_exprs": 5,
  "time_sec_match": [0.007878, 0.483024, 0.468201, 0.468445, 0.467525],
  "time_sec_apply": [0.000051, 0.000059, 0.000057, 0.000056, 0.000066],
  "time_sec_repair_step1": [[0.007254, 0.007384], [0.007337, 0.007326], [0.006909, 0.007261], [0.007302, 0.005166], [0.004767, 0.005056]],
  "time_sec_repair_step2": [[0.064913, 0.000042], [0.007954, 0.000026], [0.007932, 0.000048], [0.007789, 0.000047], [0.007167, 0.000113]],
  "time_sec_repair_step4": [[0.000034, 0.000034], [0.000028, 0.000032], [0.000105, 0.000082], [0.000096, 0.000068], [0.000228, 0.000196]],
  "time_sec_full_iteration": [0.087669, 0.505866, 0.490684, 0.489053, 0.485204],
  "merges_per_repair_iteration": [[5, 3], [12, 4], [56, 6], [177, 14], [345, 83]],
  "node_count_over_time": [71, 134, 327, 560, 1144],
  "class_count_over_time": [35, 62, 140, 234, 472]

}