{
  "n_rules": 46,
  "n_input_exprs": 5,
  "time_sec_match": [0.007013, 0.477004, 0.467921, 0.465831, 0.467572],
  "time_sec_apply": [0.000061, 0.000066, 0.000058, 0.000060, 0.000066],
  "time_sec_repair_step1": [[0.005136, 0.007893], [0.007934, 0.007818], [0.007842, 0.007862], [0.007161, 0.007043], [0.006740, 0.007894]],
  "time_sec_repair_step2": [[0.066087, 0.000042], [0.006474, 0.000026], [0.007410, 0.000047], [0.007345, 0.000047], [0.005392, 0.000109]],
  "time_sec_repair_step4": [[0.000040, 0.000028], [0.000028, 0.000031], [0.000109, 0.000073], [0.000113, 0.000070], [0.000228, 0.000189]],
  "time_sec_full_iteration": [0.086376, 0.499465, 0.491388, 0.487742, 0.488279],
  "merges_per_repair_iteration": [[5, 3], [12, 4], [57, 6], [176, 14], [344, 80]],
  "node_count_over_time": [71, 134, 326, 559, 1143],
  "class_count_over_time": [35, 62, 140, 234, 472]

}