{
  "n_rules": 46,
  "n_input_exprs": 5,
  "time_sec_match": [0.005341, 0.487699, 0.469470, 0.465828, 0.468753],
  "time_sec_apply": [0.000050, 0.000053, 0.000055, 0.000061, 0.000058],
  "time_sec_repair_step1": [[0.005675, 0.006325], [0.005084, 0.007371], [0.007896, 0.007920], [0.007875, 0.007908], [0.004782, 0.007240]],
  "time_sec_repair_step2": [[0.065556, 0.000041], [0.007984, 0.000027], [0.007435, 0.000047], [0.007393, 0.000047], [0.007934, 0.000101]],
  "time_sec_repair_step4": [[0.000040, 0.000027], [0.000028, 0.000032], [0.000081, 0.000056], [0.000108, 0.000070], [0.000209, 0.000169]],
  "time_sec_full_iteration": [0.083138, 0.508352, 0.493040, 0.489363, 0.489313],
  "merges_per_repair_iteration": [[5, 3], [12, 4], [56, 6], [176, 14], [345, 76]],
  "node_count_over_time": [71, 135, 328, 565, 1146],
  "class_count_over_time": [35, 62, 140, 238, 466]

}