{
  "n_rules": 46,
  "n_input_exprs": 5,
  "time_sec_match": [0.007394, 0.478064, 0.464122, 0.466268, 0.469882],
  "time_sec_apply": [0.000063, 0.000068, 0.000061, 0.000059, 0.000066],
  "time_sec_repair_step1": [[0.006445, 0.007859], [0.006969, 0.007223], [0.006470, 0.007298], [0.004779, 0.007363], [0.007868, 0.007888]],
  "time_sec_repair_step2": [[0.064737, 0.000042], [0.007447, 0.000026], [0.008051, 0.000046], [0.007396, 0.000048], [0.007519, 0.000114]],
  "time_sec_repair_step4": [[0.000039, 0.000028], [0.000029, 0.000032], [0.000084, 0.000057], [0.000095, 0.000071], [0.000218, 0.000200]],
  "time_sec_full_iteration": [0.086697, 0.499940, 0.486264, 0.486142, 0.493821],
  "merges_per_repair_iteration": [[5, 3], [12, 4], [56, 6], [177, 14], [341, 75]],
  "node_count_over_time": [71, 134, 326, 558, 1138],
  "class_count_over_time": [35, 62, 140, 234, 460]

}