{
  "n_rules": 46,
  "n_input_exprs": 5,
  "time_sec_match": [0.007944, 0.483107, 0.465950, 0.468911, 0.470046],
  "time_sec_apply": [0.000050, 0.000055, 0.000057, 0.000056, 0.000068],
  "time_sec_repair_step1": [[0.007241, 0.007383], [0.006910, 0.005160], [0.005174, 0.007414], [0.006947, 0.007295], [0.007940, 0.007928]],
  "time_sec_repair_step2": [[0.068463, 0.000043], [0.007668, 0.000027], [0.007193, 0.000047], [0.007931, 0.000048], [0.007550, 0.000109]],
  "time_sec_repair_step4": [[0.000039, 0.000030], [0.000028, 0.000032], [0.000099, 0.000084], [0.000104, 0.000070], [0.000231, 0.000189]],
  "time_sec_full_iteration": [0.091269, 0.503050, 0.486088, 0.491437, 0.494161],
  "merges_per_repair_iteration": [[5, 3], [12, 4], [56, 6], [176, 14], [345, 79]],
  "node_count_over_time": [71, 134, 326, 558, 1132],
  "class_count_over_time": [35, 62, 140, 234, 464]

}