{
  "n_rules": 46,
  "n_input_exprs": 5,
  "time_sec_match": [0.007355, 0.482825, 0.466537, 0.470439, 0.463402],
  "time_sec_apply": [0.000052, 0.000060, 0.000059, 0.000054, 0.000063],
  "time_sec_repair_step1": [[0.007869, 0.007890], [0.007840, 0.007974], [0.005662, 0.007984], [0.006015, 0.007169], [0.007297, 0.007313]],
  "time_sec_repair_step2": [[0.062576, 0.000042], [0.007377, 0.000027], [0.007181, 0.000049], [0.007882, 0.000047], [0.008202, 0.000110]],
  "time_sec_repair_step4": [[0.000038, 0.000029], [0.000029, 0.000032], [0.000108, 0.000080], [0.000097, 0.000069], [0.000226, 0.000190]],
  "time_sec_full_iteration": [0.085959, 0.506235, 0.487769, 0.491860, 0.486889],
  "merges_per_repair_iteration": [[5, 3], [12, 4], [56, 6], [177, 14], [342, 76]],
  "node_count_over_time": [71, 134, 326, 558, 1126],
  "class_count_over_time": [35, 62, 140, 234, 460]

}