{
  "n_rules": 46,
  "n_input_exprs": 5,
  "time_sec_match": [0.007334, 0.483328, 0.472775, 0.462129, 0.470855],
  "time_sec_apply": [0.000065, 0.000068, 0.000059, 0.000058, 0.000064],
  "time_sec_repair_step1": [[0.007846, 0.007905], [0.008008, 0.006659], [0.007858, 0.007982], [0.005692, 0.005769], [0.007933, 0.007998]],
  "time_sec_repair_step2": [[0.067901, 0.000043], [0.007407, 0.000027], [0.007511, 0.000047], [0.007059, 0.000047], [0.007464, 0.000113]],
  "time_sec_repair_step4": [[0.000034, 0.000028], [0.000028, 0.000032], [0.000111, 0.000077], [0.000094, 0.000070], [0.000238, 0.000200]],
  "time_sec_full_iteration": [0.091236, 0.505647, 0.496501, 0.480979, 0.494941],
  "merges_per_repair_iteration": [[5, 3], [12, 4], [52, 6], [171, 14], [341, 76]],
  "node_count_over_time": [71, 134, 327, 561, 1131],
  "class_count_over_time": [35, 62, 140, 235, 461]

}