{
  "n_rules": 46,
  "n_input_exprs": 5,
  "time_sec_match": [0.007884, 0.478652, 0.473043, 0.465798, 0.470051],
  "time_sec_apply": [0.000052, 0.000068, 0.000061, 0.000056, 0.000061],
  "time_sec_repair_step1": [[0.007294, 0.007927], [0.004567, 0.007295], [0.007862, 0.007929], [0.006950, 0.007306], [0.005156, 0.007328]],
  "time_sec_repair_step2": [[0.060466, 0.000042], [0.007119, 0.000028], [0.007463, 0.000048], [0.007824, 0.000046], [0.008046, 0.000109]],
  "time_sec_repair_step4": [[0.000040, 0.000028], [0.000028, 0.000033], [0.000090, 0.000082], [0.000117, 0.000070], [0.000227, 0.000199]],
  "time_sec_full_iteration": [0.083822, 0.497863, 0.496653, 0.488223, 0.491249],
  "merges_per_repair_iteration": [[5, 3], [12, 4], [56, 6], [177, 14], [336, 82]],
  "node_count_over_time": [71, 134, 327, 561, 1136],
  "class_count_over_time": [35, 62, 140, 235, 463]

}