{
  "n_rules": 20,
  "n_input_exprs": 20,
  "time_sec_match": [0.011421, 0.463859, 0.476223, 0.474897, 0.473968],
  "time_sec_apply": [0.000065, 0.000045, 0.000031, 0.000033, 0.000020],
  "time_sec_repair_step1": [[0.005960, 0.007248], [0.005114], [0.006737], [0.007383], [0.004702]],
  "time_sec_repair_step2": [[0.007148, 0.000029], [0.006289], [0.007947], [0.007975], [0.007107]],
  "time_sec_repair_step4": [[0.000038, 0.000025], [0.000018], [0.000035], [0.000038], [0.000004]],
  "time_sec_full_iteration": [0.032012, 0.475387, 0.491029, 0.490373, 0.485888],
  "merges_per_repair_iteration": [[5, 3], [8], [19], [20], [19]],
  "node_count_over_time": [257, 305, 342, 350, 352],
  "class_count_over_time": [117, 134, 140, 141, 141]

}