{
  "n_rules": 20,
  "n_input_exprs": 20,
  "time_sec_match": [0.007338, 0.466710, 0.480137, 0.474139, 0.474546],
  "time_sec_apply": [0.000066, 0.000040, 0.000029, 0.000033, 0.000020],
  "time_sec_repair_step1": [[0.006707, 0.007811], [0.006426], [0.005746], [0.007966], [0.007118]],
  "time_sec_repair_step2": [[0.007414, 0.000030], [0.005722], [0.007313], [0.007438], [0.007367]],
  "time_sec_repair_step4": [[0.000038, 0.000025], [0.000019], [0.000035], [0.000038], [0.000004]],
  "time_sec_full_iteration": [0.029503, 0.478975, 0.493307, 0.489660, 0.489110],
  "merges_per_repair_iteration": [[5, 3], [8], [19], [20], [19]],
  "node_count_over_time": [257, 305, 343, 351, 353],
  "class_count_over_time": [117, 134, 140, 141, 141]

}