{
  "n_rules": 20,
  "n_input_exprs": 20,
  "time_sec_match": [0.007869, 0.465030, 0.478937, 0.474785, 0.474385],
  "time_sec_apply": [0.000067, 0.000045, 0.000037, 0.000026, 0.000022],
  "time_sec_repair_step1": [[0.007292, 0.007270], [0.002980], [0.006725], [0.007325], [0.004499]],
  "time_sec_repair_step2": [[0.007189, 0.000029], [0.005723], [0.007978], [0.007992], [0.007119]],
  "time_sec_repair_step4": [[0.000038, 0.000025], [0.000025], [0.000033], [0.000039], [0.000004]],
  "time_sec_full_iteration": [0.029853, 0.473856, 0.493760, 0.490220, 0.486098],
  "merges_per_repair_iteration": [[5, 3], [10], [18], [20], [19]],
  "node_count_over_time": [257, 305, 343, 351, 353],
  "class_count_over_time": [117, 134, 140, 141, 141]

}