{
  "n_rules": 20,
  "n_input_exprs": 20,
  "time_sec_match": [0.007346, 0.469059, 0.474468, 0.478297, 0.479319],
  "time_sec_apply": [0.000065, 0.000047, 0.000036, 0.000020, 0.000019],
  "time_sec_repair_step1": [[0.007892, 0.007841], [0.007896], [0.007934], [0.006848], [0.005440]],
  "time_sec_repair_step2": [[0.007543, 0.000030], [0.007348], [0.007371], [0.005273], [0.003796]],
  "time_sec_repair_step4": [[0.000030, 0.000030], [0.000018], [0.000035], [0.000035], [0.000003]],
  "time_sec_full_iteration": [0.030851, 0.484420, 0.489896, 0.490530, 0.488635],
  "merges_per_repair_iteration": [[5, 3], [8], [19], [19], [19]],
  "node_count_over_time": [257, 305, 343, 351, 353],
  "class_count_over_time": [117, 134, 140, 141, 141]

}