{
  "n_rules": 20,
  "n_input_exprs": 20,
  "time_sec_match": [0.007954, 0.464889, 0.477524, 0.473588, 0.479859],
  "time_sec_apply": [0.000063, 0.000042, 0.000036, 0.000025, 0.000022],
  "time_sec_repair_step1": [[0.007308, 0.007344], [0.005157], [0.007917], [0.005747], [0.007893]],
  "time_sec_repair_step2": [[0.007952, 0.000029], [0.007372], [0.006688], [0.007381], [0.007388]],
  "time_sec_repair_step4": [[0.000037, 0.000025], [0.000025], [0.000033], [0.000038], [0.000004]],
  "time_sec_full_iteration": [0.030793, 0.477539, 0.492260, 0.486825, 0.495213],
  "merges_per_repair_iteration": [[5, 3], [10], [18], [20], [19]],
  "node_count_over_time": [257, 305, 341, 349, 351],
  "class_count_over_time": [117, 134, 140, 141, 141]

}