{
  "n_rules": 20,
  "n_input_exprs": 20,
  "time_sec_match": [0.007382, 0.465878, 0.473760, 0.474568, 0.473180],
  "time_sec_apply": [0.000066, 0.000040, 0.000037, 0.000025, 0.000019],
  "time_sec_repair_step1": [[0.007067, 0.007802], [0.007110], [0.006683], [0.007304], [0.004749]],
  "time_sec_repair_step2": [[0.007460, 0.000028], [0.006040], [0.007935], [0.008063], [0.006121]],
  "time_sec_repair_step4": [[0.000038, 0.000025], [0.000025], [0.000032], [0.000038], [0.000003]],
  "time_sec_full_iteration": [0.029936, 0.479149, 0.488504, 0.490058, 0.484135],
  "merges_per_repair_iteration": [[5, 3], [10], [18], [20], [19]],
  "node_count_over_time": [257, 305, 343, 351, 352],
  "class_count_over_time": [117, 134, 140, 141, 141]

}