{
  "n_rules": 20,
  "n_input_exprs": 20,
  "time_sec_match": [0.007882, 0.472052, 0.482315, 0.480108, 0.474150],
  "time_sec_apply": [0.000063, 0.000041, 0.000037, 0.000024, 0.000022],
  "time_sec_repair_step1": [[0.007253, 0.007330], [0.007090], [0.007320], [0.006828], [0.005671]],
  "time_sec_repair_step2": [[0.008014, 0.000029], [0.005375], [0.008008], [0.005242], [0.007245]],
  "time_sec_repair_step4": [[0.000034, 0.000025], [0.000027], [0.000032], [0.000034], [0.000004]],
  "time_sec_full_iteration": [0.030692, 0.484637, 0.497762, 0.492294, 0.487146],
  "merges_per_repair_iteration": [[5, 3], [10], [18], [19], [19]],
  "node_count_over_time": [257, 305, 341, 349, 351],
  "class_count_over_time": [117, 134, 140, 141, 141]

}