{
  "n_rules": 20,
  "n_input_exprs": 20,
  "time_sec_match": [0.007914, 0.465972, 0.473969, 0.479029, 0.474148],
  "time_sec_apply": [0.000076, 0.000043, 0.000031, 0.000026, 0.000020],
  "time_sec_repair_step1": [[0.007350, 0.007334], [0.004639], [0.007319], [0.007086], [0.005826]],
  "time_sec_repair_step2": [[0.008009, 0.000029], [0.007200], [0.006622], [0.007369], [0.007290]],
  "time_sec_repair_step4": [[0.000035, 0.000026], [0.000018], [0.000032], [0.000038], [0.000004]],
  "time_sec_full_iteration": [0.030839, 0.477925, 0.488029, 0.493605, 0.487339],
  "merges_per_repair_iteration": [[5, 3], [8], [18], [20], [19]],
  "node_count_over_time": [257, 305, 342, 350, 352],
  "class_count_over_time": [117, 134, 140, 141, 141]

}