{
  "n_rules": 20,
  "n_input_exprs": 20,
  "time_sec_match": [0.007810, 0.469261, 0.475281, 0.475328, 0.474443],
  "time_sec_apply": [0.000065, 0.000045, 0.000033, 0.000025, 0.000021],
  "time_sec_repair_step1": [[0.006402, 0.007251], [0.005695], [0.007835], [0.006041], [0.005089]],
  "time_sec_repair_step2": [[0.008042, 0.000030], [0.007421], [0.007305], [0.007851], [0.007165]],
  "time_sec_repair_step4": [[0.000038, 0.000024], [0.000025], [0.000036], [0.000038], [0.000004]],
  "time_sec_full_iteration": [0.029735, 0.482504, 0.490542, 0.489333, 0.486790],
  "merges_per_repair_iteration": [[5, 3], [10], [19], [20], [19]],
  "node_count_over_time": [257, 305, 342, 350, 352],
  "class_count_over_time": [117, 134, 140, 141, 141]

}