{
  "n_rules": 20,
  "n_input_exprs": 20,
  "time_sec_match": [0.007271, 0.467273, 0.484581, 0.474446, 0.475790],
  "time_sec_apply": [0.000066, 0.000046, 0.000038, 0.000025, 0.000020],
  "time_sec_repair_step1": [[0.007817, 0.007868], [0.007139], [0.007914], [0.007892], [0.004729]],
  "time_sec_repair_step2": [[0.007503, 0.000028], [0.005712], [0.007430], [0.007363], [0.007273]],
  "time_sec_repair_step4": [[0.000041, 0.000024], [0.000018], [0.000032], [0.000038], [0.000003]],
  "time_sec_full_iteration": [0.030705, 0.480251, 0.500055, 0.489809, 0.487876],
  "merges_per_repair_iteration": [[5, 3], [8], [18], [20], [19]],
  "node_count_over_time": [257, 305, 343, 351, 353],
  "class_count_over_time": [117, 134, 140, 141, 141]

}