{
  "n_rules": 38,
  "n_input_exprs": 20,
  "time_sec_match": [0.011194, 0.468074, 0.472139, 0.464765, 0.466053],
  "time_sec_apply": [0.000078, 0.000058, 0.000055, 0.000057, 0.000060],
  "time_sec_repair_step1": [[0.007258, 0.007260], [0.007908, 0.007893], [0.007284, 0.007340], [0.007911, 0.008017], [0.007982, 0.007900]],
  "time_sec_repair_step2": [[0.007143, 0.000041], [0.006767, 0.000026], [0.007945, 0.000049], [0.007431, 0.000048], [0.007553, 0.000110]],
  "time_sec_repair_step4": [[0.000037, 0.000028], [0.000029, 0.000033], [0.000080, 0.000079], [0.000105, 0.000071], [0.000225, 0.000195]],
  "time_sec_full_iteration": [0.033117, 0.490879, 0.495043, 0.488473, 0.490144],
  "merges_per_repair_iteration": [[5, 3], [13, 4], [65, 6], [195, 14], [366, 73]],
  "node_count_over_time": [266, 359, 558, 782, 1357],
  "class_count_over_time": [122, 158, 236, 329, 553]

}