{
  "n_rules": 38,
  "n_input_exprs": 20,
  "time_sec_match": [0.007940, 0.466310, 0.466032, 0.466999, 0.470925],
  "time_sec_apply": [0.000077, 0.000061, 0.000055, 0.000058, 0.000062],
  "time_sec_repair_step1": [[0.007301, 0.007347], [0.007373, 0.007297], [0.007028, 0.007280], [0.007345, 0.005207], [0.006965, 0.007235]],
  "time_sec_repair_step2": [[0.008005, 0.000041], [0.007970, 0.000026], [0.007979, 0.000048], [0.007707, 0.000047], [0.008057, 0.000110]],
  "time_sec_repair_step4": [[0.000037, 0.000027], [0.000028, 0.000033], [0.000114, 0.000078], [0.000094, 0.000070], [0.000227, 0.000200]],
  "time_sec_full_iteration": [0.030840, 0.489191, 0.488693, 0.487615, 0.493856],
  "merges_per_repair_iteration": [[5, 3], [12, 4], [65, 6], [196, 14], [355, 84]],
  "node_count_over_time": [265, 359, 559, 783, 1372],
  "class_count_over_time": [121, 157, 235, 328, 561]

}