{
  "n_rules": 38,
  "n_input_exprs": 20,
  "time_sec_match": [0.007332, 0.463828, 0.465682, 0.469008, 0.467128],
  "time_sec_apply": [0.000078, 0.000058, 0.000055, 0.000060, 0.000058],
  "time_sec_repair_step1": [[0.007943, 0.007822], [0.007886, 0.007936], [0.007099, 0.007917], [0.004823, 0.006377], [0.007256, 0.007325]],
  "time_sec_repair_step2": [[0.007425, 0.000041], [0.007429, 0.000027], [0.007568, 0.000050], [0.007894, 0.000046], [0.008110, 0.000112]],
  "time_sec_repair_step4": [[0.000039, 0.000027], [0.000028, 0.000033], [0.000078, 0.000068], [0.000097, 0.000069], [0.000229, 0.000197]],
  "time_sec_full_iteration": [0.030775, 0.487306, 0.488591, 0.488463, 0.490481],
  "merges_per_repair_iteration": [[5, 3], [12, 4], [64, 6], [196, 14], [358, 72]],
  "node_count_over_time": [266, 359, 559, 783, 1353],
  "class_count_over_time": [122, 158, 236, 329, 549]

}