{
  "n_rules": 38,
  "n_input_exprs": 20,
  "time_sec_match": [0.006191, 0.463426, 0.468695, 0.473463, 0.472128],
  "time_sec_apply": [0.000070, 0.000064, 0.000060, 0.000055, 0.000068],
  "time_sec_repair_step1": [[0.007864, 0.007842], [0.006912, 0.007898], [0.006917, 0.007263], [0.007875, 0.007996], [0.007917, 0.003853]],
  "time_sec_repair_step2": [[0.007508, 0.000042], [0.006687, 0.000026], [0.005984, 0.000049], [0.007412, 0.000050], [0.006527, 0.000111]],
  "time_sec_repair_step4": [[0.000038, 0.000026], [0.000028, 0.000031], [0.000084, 0.000073], [0.000106, 0.000072], [0.000227, 0.000194]],
  "time_sec_full_iteration": [0.029651, 0.485157, 0.489198, 0.497130, 0.491108],
  "merges_per_repair_iteration": [[5, 3], [14, 4], [64, 6], [196, 14], [368, 81]],
  "node_count_over_time": [265, 358, 558, 782, 1367],
  "class_count_over_time": [121, 157, 235, 328, 566]

}