{
  "n_rules": 38,
  "n_input_exprs": 20,
  "time_sec_match": [0.007306, 0.464509, 0.465644, 0.467089, 0.473330],
  "time_sec_apply": [0.000071, 0.000060, 0.000053, 0.000057, 0.000065],
  "time_sec_repair_step1": [[0.007888, 0.007836], [0.006753, 0.007439], [0.005157, 0.007330], [0.006923, 0.005087], [0.007890, 0.007913]],
  "time_sec_repair_step2": [[0.007495, 0.000043], [0.007988, 0.000026], [0.007274, 0.000049], [0.007509, 0.000049], [0.007553, 0.000098]],
  "time_sec_repair_step4": [[0.000038, 0.000027], [0.000027, 0.000031], [0.000078, 0.000060], [0.000095, 0.000071], [0.000207, 0.000170]],
  "time_sec_full_iteration": [0.030796, 0.486901, 0.485709, 0.486942, 0.497301],
  "merges_per_repair_iteration": [[5, 3], [14, 4], [64, 6], [175, 14], [340, 73]],
  "node_count_over_time": [266, 358, 559, 787, 1357],
  "class_count_over_time": [122, 158, 236, 333, 553]

}