{
  "n_rules": 38,
  "n_input_exprs": 20,
  "time_sec_match": [0.007800, 0.470042, 0.468452, 0.467363, 0.465767],
  "time_sec_apply": [0.000070, 0.000054, 0.000059, 0.000061, 0.000061],
  "time_sec_repair_step1": [[0.007304, 0.005163], [0.007875, 0.006360], [0.004697, 0.007161], [0.007371, 0.007297], [0.007393, 0.007291]],
  "time_sec_repair_step2": [[0.007601, 0.000041], [0.007389, 0.000028], [0.007641, 0.000051], [0.007937, 0.000048], [0.008082, 0.000110]],
  "time_sec_repair_step4": [[0.000033, 0.000026], [0.000028, 0.000032], [0.000087, 0.000080], [0.000101, 0.000071], [0.000220, 0.000194]],
  "time_sec_full_iteration": [0.028104, 0.491900, 0.488309, 0.490312, 0.489198],
  "merges_per_repair_iteration": [[5, 3], [14, 4], [64, 6], [196, 14], [366, 79]],
  "node_count_over_time": [266, 359, 558, 782, 1372],
  "class_count_over_time": [122, 158, 236, 329, 567]

}