{
  "n_rules": 38,
  "n_input_exprs": 20,
  "time_sec_match": [0.007281, 0.464801, 0.474858, 0.469914, 0.469740],
  "time_sec_apply": [0.000079, 0.000062, 0.000057, 0.000059, 0.000065],
  "time_sec_repair_step1": [[0.007901, 0.007819], [0.007939, 0.007905], [0.007913, 0.007803], [0.007331, 0.007325], [0.007917, 0.007918]],
  "time_sec_repair_step2": [[0.007464, 0.000042], [0.007402, 0.000026], [0.007486, 0.000049], [0.008028, 0.000049], [0.007611, 0.000115]],
  "time_sec_repair_step4": [[0.000038, 0.000026], [0.000029, 0.000032], [0.000112, 0.000087], [0.000100, 0.000070], [0.000226, 0.000198]],
  "time_sec_full_iteration": [0.030717, 0.488263, 0.498456, 0.492950, 0.493873],
  "merges_per_repair_iteration": [[5, 3], [13, 4], [65, 6], [195, 14], [366, 70]],
  "node_count_over_time": [265, 357, 557, 781, 1344],
  "class_count_over_time": [121, 157, 235, 328, 545]

}