{
  "n_rules": 38,
  "n_input_exprs": 20,
  "time_sec_match": [0.007906, 0.470009, 0.470471, 0.470127, 0.469709],
  "time_sec_apply": [0.000070, 0.000059, 0.000056, 0.000061, 0.000062],
  "time_sec_repair_step1": [[0.007319, 0.007238], [0.007932, 0.007956], [0.005091, 0.007166], [0.006905, 0.007262], [0.007868, 0.007938]],
  "time_sec_repair_step2": [[0.008050, 0.000043], [0.007371, 0.000028], [0.007289, 0.000050], [0.007851, 0.000049], [0.007612, 0.000117]],
  "time_sec_repair_step4": [[0.000039, 0.000027], [0.000028, 0.000033], [0.000109, 0.000082], [0.000103, 0.000070], [0.000221, 0.000191]],
  "time_sec_full_iteration": [0.030749, 0.493488, 0.490400, 0.492504, 0.493789],
  "merges_per_repair_iteration": [[5, 3], [13, 4], [64, 6], [195, 14], [368, 73]],
  "node_count_over_time": [266, 358, 557, 781, 1356],
  "class_count_over_time": [122, 158, 236, 329, 552]

}