{
  "n_rules": 38,
  "n_input_exprs": 20,
  "time_sec_match": [0.006426, 0.466411, 0.469056, 0.464674, 0.471996],
  "time_sec_apply": [0.000076, 0.000050, 0.000059, 0.000069, 0.000066],
  "time_sec_repair_step1": [[0.007770, 0.007887], [0.007256, 0.007364], [0.006970, 0.007299], [0.007353, 0.007279], [0.007856, 0.007764]],
  "time_sec_repair_step2": [[0.007472, 0.000043], [0.008037, 0.000028], [0.007899, 0.000050], [0.008067, 0.000049], [0.007600, 0.000115]],
  "time_sec_repair_step4": [[0.000038, 0.000026], [0.000027, 0.000032], [0.000087, 0.000071], [0.000098, 0.000072], [0.000222, 0.000195]],
  "time_sec_full_iteration": [0.029807, 0.489274, 0.491567, 0.487724, 0.495905],
  "merges_per_repair_iteration": [[5, 3], [13, 4], [64, 6], [196, 14], [358, 76]],
  "node_count_over_time": [266, 360, 560, 784, 1366],
  "class_count_over_time": [122, 158, 236, 329, 566]

}