{
  "n_rules": 38,
  "n_input_exprs": 20,
  "time_sec_match": [0.007277, 0.469698, 0.464468, 0.469686, 0.464317],
  "time_sec_apply": [0.000084, 0.000067, 0.000055, 0.000061, 0.000063],
  "time_sec_repair_step1": [[0.007828, 0.007803], [0.007866, 0.007917], [0.003526, 0.007111], [0.007941, 0.007912], [0.007909, 0.007942]],
  "time_sec_repair_step2": [[0.007457, 0.000040], [0.006944, 0.000026], [0.007404, 0.000047], [0.007410, 0.000047], [0.007586, 0.000109]],
  "time_sec_repair_step4": [[0.000039, 0.000026], [0.000025, 0.000033], [0.000091, 0.000084], [0.000097, 0.000070], [0.000223, 0.000195]],
  "time_sec_full_iteration": [0.030621, 0.492655, 0.482897, 0.493297, 0.488423],
  "merges_per_repair_iteration": [[5, 3], [12, 4], [63, 6], [196, 14], [363, 75]],
  "node_count_over_time": [265, 358, 560, 784, 1366],
  "class_count_over_time": [121, 157, 235, 328, 555]

}