{
  "n_rules": 46,
  "n_input_exprs": 10,
  "time_sec_match": [0.007308, 0.479527, 0.465340, 0.464617, 0.469533],
  "time_sec_apply": [0.000065, 0.000063, 0.000061, 0.000055, 0.000059],
  "time_sec_repair_step1": [[0.007865, 0.007375], [0.007331, 0.007304], [0.006817, 0.007259], [0.007346, 0.007288], [0.006252, 0.007125]],
  "time_sec_repair_step2": [[0.045085, 0.000043], [0.007929, 0.000026], [0.008017, 0.000050], [0.007973, 0.000046], [0.007869, 0.000122]],
  "time_sec_repair_step4": [[0.000040, 0.000028], [0.000024, 0.000031], [0.000089, 0.000080], [0.000108, 0.000070], [0.000239, 0.000191]],
  "time_sec_full_iteration": [0.067884, 0.502307, 0.487804, 0.487599, 0.491504],
  "merges_per_repair_iteration": [[5, 3], [13, 4], [60, 6], [213, 8], [376, 83]],
  "node_count_over_time": [122, 215, 435, 687, 1301],
  "class_count_over_time": [61, 95, 181, 275, 517]

}