{
  "n_rules": 46,
  "n_input_exprs": 10,
  "time_sec_match": [0.007348, 0.479589, 0.466047, 0.472458, 0.470550],
  "time_sec_apply": [0.000066, 0.000069, 0.000060, 0.000060, 0.000061],
  "time_sec_repair_step1": [[0.006470, 0.007930], [0.006892, 0.007287], [0.007264, 0.007416], [0.004733, 0.007251], [0.007865, 0.007928]],
  "time_sec_repair_step2": [[0.034594, 0.000043], [0.007819, 0.000027], [0.008047, 0.000048], [0.007825, 0.000051], [0.007527, 0.000114]],
  "time_sec_repair_step4": [[0.000031, 0.000033], [0.000027, 0.000032], [0.000090, 0.000058], [0.000097, 0.000071], [0.000233, 0.000193]],
  "time_sec_full_iteration": [0.056603, 0.501820, 0.489087, 0.492614, 0.494553],
  "merges_per_repair_iteration": [[5, 3], [13, 4], [60, 6], [188, 8], [356, 85]],
  "node_count_over_time": [122, 213, 434, 684, 1290],
  "class_count_over_time": [61, 93, 179, 272, 508]

}