{
  "n_rules": 46,
  "n_input_exprs": 10,
  "time_sec_match": [0.007873, 0.483119, 0.470527, 0.472100, 0.470841],
  "time_sec_apply": [0.000078, 0.000073, 0.000061, 0.000057, 0.000062],
  "time_sec_repair_step1": [[0.007324, 0.004841], [0.007872, 0.007833], [0.007292, 0.007343], [0.007943, 0.007890], [0.005152, 0.005006]],
  "time_sec_repair_step2": [[0.039330, 0.000041], [0.007378, 0.000026], [0.008016, 0.000047], [0.007470, 0.000048], [0.008061, 0.000111]],
  "time_sec_repair_step4": [[0.000038, 0.000027], [0.000026, 0.000032], [0.000098, 0.000078], [0.000111, 0.000071], [0.000236, 0.000189]],
  "time_sec_full_iteration": [0.059623, 0.506433, 0.493537, 0.495773, 0.489742],
  "merges_per_repair_iteration": [[5, 3], [12, 4], [61, 6], [210, 8], [382, 92]],
  "node_count_over_time": [122, 213, 433, 684, 1290],
  "class_count_over_time": [61, 93, 179, 275, 509]

}