{
  "n_rules": 46,
  "n_input_exprs": 10,
  "time_sec_match": [0.007288, 0.486570, 0.467356, 0.468602, 0.467372],
  "time_sec_apply": [0.000073, 0.000066, 0.000056, 0.000063, 0.000062],
  "time_sec_repair_step1": [[0.007896, 0.005704], [0.006986, 0.007256], [0.005084, 0.006132], [0.006742, 0.005188], [0.007306, 0.007318]],
  "time_sec_repair_step2": [[0.037302, 0.000042], [0.007818, 0.000027], [0.007244, 0.000049], [0.007552, 0.000048], [0.008082, 0.000108]],
  "time_sec_repair_step4": [[0.000034, 0.000026], [0.000025, 0.000033], [0.000075, 0.000061], [0.000093, 0.000070], [0.000224, 0.000198]],
  "time_sec_full_iteration": [0.058440, 0.508853, 0.486128, 0.488426, 0.490739],
  "merges_per_repair_iteration": [[5, 3], [11, 4], [60, 6], [213, 14], [384, 82]],
  "node_count_over_time": [122, 214, 435, 689, 1265],
  "class_count_over_time": [61, 93, 179, 276, 504]

}