{
  "n_rules": 46,
  "n_input_exprs": 10,
  "time_sec_match": [0.005855, 0.479593, 0.473206, 0.472300, 0.471465],
  "time_sec_apply": [0.000065, 0.000062, 0.000060, 0.000058, 0.000067],
  "time_sec_repair_step1": [[0.007234, 0.007435], [0.007877, 0.007897], [0.007841, 0.007881], [0.006348, 0.007295], [0.007896, 0.007954]],
  "time_sec_repair_step2": [[0.040902, 0.000042], [0.007385, 0.000027], [0.007479, 0.000050], [0.007870, 0.000048], [0.007535, 0.000112]],
  "time_sec_repair_step4": [[0.000039, 0.000027], [0.000025, 0.000032], [0.000096, 0.000074], [0.000096, 0.000070], [0.000234, 0.000195]],
  "time_sec_full_iteration": [0.061699, 0.502973, 0.496765, 0.494179, 0.495574],
  "merges_per_repair_iteration": [[5, 3], [11, 4], [59, 6], [209, 8], [388, 88]],
  "node_count_over_time": [122, 214, 434, 688, 1291],
  "class_count_over_time": [61, 93, 179, 277, 515]

}