{
  "n_rules": 46,
  "n_input_exprs": 10,
  "time_sec_match": [0.007352, 0.487137, 0.463684, 0.474226, 0.465998],
  "time_sec_apply": [0.000066, 0.000065, 0.000059, 0.000069, 0.000062],
  "time_sec_repair_step1": [[0.007886, 0.007844], [0.007930, 0.007902], [0.005906, 0.007953], [0.005927, 0.007019], [0.007914, 0.007922]],
  "time_sec_repair_step2": [[0.048229, 0.000044], [0.007434, 0.000026], [0.005299, 0.000048], [0.007438, 0.000045], [0.007619, 0.000111]],
  "time_sec_repair_step4": [[0.000039, 0.000028], [0.000025, 0.000032], [0.000102, 0.000069], [0.000100, 0.000069], [0.000223, 0.000196]],
  "time_sec_full_iteration": [0.071579, 0.510641, 0.483202, 0.494975, 0.490119],
  "merges_per_repair_iteration": [[5, 3], [12, 4], [59, 6], [212, 14], [376, 87]],
  "node_count_over_time": [122, 213, 434, 686, 1271],
  "class_count_over_time": [61, 93, 179, 275, 515]

}