{
  "n_rules": 46,
  "n_input_exprs": 10,
  "time_sec_match": [0.007398, 0.477783, 0.466703, 0.471518, 0.465864],
  "time_sec_apply": [0.000075, 0.000068, 0.000058, 0.000058, 0.000061],
  "time_sec_repair_step1": [[0.007884, 0.007942], [0.005275, 0.007851], [0.007877, 0.007864], [0.007307, 0.007310], [0.005155, 0.005111]],
  "time_sec_repair_step2": [[0.036426, 0.000043], [0.005260, 0.000026], [0.007460, 0.000048], [0.008049, 0.000048], [0.007355, 0.000110]],
  "time_sec_repair_step4": [[0.000040, 0.000028], [0.000024, 0.000031], [0.000096, 0.000058], [0.000114, 0.000070], [0.000238, 0.000195]],
  "time_sec_full_iteration": [0.059912, 0.496393, 0.490243, 0.494560, 0.484154],
  "merges_per_repair_iteration": [[5, 3], [13, 4], [60, 6], [210, 8], [389, 81]],
  "node_count_over_time": [122, 214, 436, 690, 1297],
  "class_count_over_time": [61, 93, 179, 276, 519]

}