{
  "n_rules": 46,
  "n_input_exprs": 10,
  "time_sec_match": [0.007350, 0.482267, 0.467737, 0.469368, 0.463959],
  "time_sec_apply": [0.000078, 0.000066, 0.000062, 0.000054, 0.000062],
  "time_sec_repair_step1": [[0.007797, 0.007934], [0.007955, 0.007972], [0.004714, 0.007325], [0.007870, 0.007925], [0.006739, 0.007358]],
  "time_sec_repair_step2": [[0.037638, 0.000043], [0.007410, 0.000026], [0.007371, 0.000049], [0.007499, 0.000047], [0.008020, 0.000116]],
  "time_sec_repair_step4": [[0.000039, 0.000027], [0.000025, 0.000032], [0.000072, 0.000078], [0.000103, 0.000069], [0.000241, 0.000194]],
  "time_sec_full_iteration": [0.061009, 0.505828, 0.487482, 0.493005, 0.486753],
  "merges_per_repair_iteration": [[5, 3], [13, 4], [59, 6], [211, 8], [386, 68]],
  "node_count_over_time": [122, 213, 433, 684, 1285],
  "class_count_over_time": [61, 93, 179, 272, 509]

}