{
  "n_rules": 46,
  "n_input_exprs": 10,
  "time_sec_match": [0.007385, 0.479329, 0.465421, 0.471302, 0.463726],
  "time_sec_apply": [0.000065, 0.000075, 0.000058, 0.000059, 0.000066],
  "time_sec_repair_step1": [[0.007883, 0.007872], [0.007789, 0.007945], [0.004762, 0.005878], [0.007864, 0.007883], [0.006759, 0.007266]],
  "time_sec_repair_step2": [[0.052133, 0.000043], [0.007431, 0.000027], [0.007457, 0.000048], [0.007407, 0.000047], [0.008081, 0.000113]],
  "time_sec_repair_step4": [[0.000040, 0.000028], [0.000025, 0.000032], [0.000102, 0.000077], [0.000103, 0.000070], [0.000239, 0.000197]],
  "time_sec_full_iteration": [0.075519, 0.502722, 0.483871, 0.494807, 0.486514],
  "merges_per_repair_iteration": [[5, 3], [11, 4], [60, 6], [190, 8], [362, 87]],
  "node_count_over_time": [122, 214, 435, 684, 1288],
  "class_count_over_time": [61, 93, 179, 272, 505]

}