{
  "n_rules": 46,
  "n_input_exprs": 10,
  "time_sec_match": [0.005115, 0.483335, 0.467033, 0.470793, 0.455369],
  "time_sec_apply": [0.000075, 0.000071, 0.000061, 0.000071, 0.000059],
  "time_sec_repair_step1": [[0.005683, 0.003958], [0.006950, 0.007301], [0.007360, 0.007413], [0.007889, 0.007930], [0.007367, 0.007388]],
  "time_sec_repair_step2": [[0.056434, 0.000041], [0.007805, 0.000026], [0.008083, 0.000049], [0.007500, 0.000050], [0.008141, 0.000114]],
  "time_sec_repair_step4": [[0.000039, 0.000027], [0.000025, 0.000031], [0.000103, 0.000058], [0.000097, 0.000071], [0.000243, 0.000195]],
  "time_sec_full_iteration": [0.071444, 0.505611, 0.490262, 0.494476, 0.478947],
  "merges_per_repair_iteration": [[5, 3], [13, 4], [60, 6], [211, 8], [382, 92]],
  "node_count_over_time": [122, 215, 436, 686, 1288],
  "class_count_over_time": [61, 95, 181, 277, 511]

}