{
  "n_rules": 56,
  "n_input_exprs": 22,
  "time_sec_match": [0.005182, 0.453101, 0.442663, 0.445072, 0.443812],
  "time_sec_apply": [0.000078, 0.000060, 0.000057, 0.000058, 0.000066],
  "time_sec_repair_step1": [[0.005644, 0.003425], [0.005616, 0.005617], [0.004685, 0.004991], [0.002975, 0.005114], [0.002707, 0.005529, 0.005003]],
  "time_sec_repair_step2": [[0.033107, 0.000052], [0.005108, 0.000026], [0.005705, 0.000050], [0.005753, 0.000047], [0.005823, 0.001261, 0.000157]],
  "time_sec_repair_step4": [[0.000039, 0.000026], [0.000028, 0.000031], [0.000100, 0.000067], [0.000110, 0.000066], [0.000245, 0.000230, 0.000065]],
  "time_sec_full_iteration": [0.047644, 0.469685, 0.458401, 0.459262, 0.465001],
  "merges_per_repair_iteration": [[6, 3], [17, 4], [93, 6], [271, 14], [504, 97, 3]],
  "node_count_over_time": [302, 468, 820, 1229, 2060],
  "class_count_over_time": [140, 196, 314, 458, 752]

}