{
  "n_rules": 56,
  "n_input_exprs": 22,
  "time_sec_match": [0.006299, 0.454693, 0.443851, 0.444647, 0.444243],
  "time_sec_apply": [0.000076, 0.000059, 0.000051, 0.000058, 0.000060],
  "time_sec_repair_step1": [[0.004741, 0.005595], [0.004098, 0.005058], [0.004506, 0.005000], [0.003496, 0.005597], [0.004707, 0.005032, 0.005633]],
  "time_sec_repair_step2": [[0.024710, 0.000054], [0.005659, 0.000026], [0.005787, 0.000048], [0.005206, 0.000048], [0.006797, 0.001281, 0.000147]],
  "time_sec_repair_step4": [[0.000040, 0.000026], [0.000029, 0.000031], [0.000102, 0.000056], [0.000161, 0.000066], [0.000272, 0.000259, 0.000063]],
  "time_sec_full_iteration": [0.041636, 0.469747, 0.459471, 0.459345, 0.468590],
  "merges_per_repair_iteration": [[6, 3], [17, 4], [92, 6], [250, 14], [478, 102, 2]],
  "node_count_over_time": [302, 468, 815, 1223, 2050],
  "class_count_over_time": [140, 197, 314, 453, 753]

}