{
  "n_rules": 56,
  "n_input_exprs": 22,
  "time_sec_match": [0.005672, 0.454086, 0.443413, 0.443507, 0.447801],
  "time_sec_apply": [0.000083, 0.000069, 0.000057, 0.000057, 0.000061],
  "time_sec_repair_step1": [[0.005051, 0.004776], [0.005657, 0.005648], [0.004111, 0.005037], [0.002865, 0.002917], [0.004734, 0.004927, 0.005650]],
  "time_sec_repair_step2": [[0.038566, 0.000054], [0.005161, 0.000026], [0.005731, 0.000049], [0.004959, 0.000049], [0.006800, 0.001246, 0.000150]],
  "time_sec_repair_step4": [[0.000040, 0.000026], [0.000028, 0.000030], [0.000078, 0.000056], [0.000143, 0.000066], [0.000273, 0.000262, 0.000065]],
  "time_sec_full_iteration": [0.054370, 0.470771, 0.458607, 0.454620, 0.472069],
  "merges_per_repair_iteration": [[6, 3], [17, 4], [90, 6], [247, 14], [469, 105, 2]],
  "node_count_over_time": [302, 466, 817, 1223, 2079],
  "class_count_over_time": [140, 195, 314, 452, 764]

}