{
  "n_rules": 56,
  "n_input_exprs": 22,
  "time_sec_match": [0.005675, 0.503104, 0.451697, 0.443103, 0.443165],
  "time_sec_apply": [0.000079, 0.000074, 0.000057, 0.000057, 0.000059],
  "time_sec_repair_step1": [[0.005079, 0.003476], [0.003574, 0.005562], [0.004683, 0.004929], [0.005059, 0.003979], [0.002530, 0.005160, 0.005676]],
  "time_sec_repair_step2": [[0.032322, 0.000055], [0.005222, 0.000029], [0.005675, 0.000048], [0.005687, 0.000047], [0.006202, 0.001246, 0.000151]],
  "time_sec_repair_step4": [[0.000040, 0.000026], [0.000032, 0.000035], [0.000103, 0.000079], [0.000110, 0.000065], [0.000274, 0.000247, 0.000063]],
  "time_sec_full_iteration": [0.046834, 0.517712, 0.467349, 0.458173, 0.464881],
  "merges_per_repair_iteration": [[6, 3], [17, 4], [90, 6], [265, 14], [492, 103, 2]],
  "node_count_over_time": [302, 466, 820, 1229, 2056],
  "class_count_over_time": [140, 195, 313, 452, 747]

}