{
  "n_rules": 56,
  "n_input_exprs": 22,
  "time_sec_match": [0.005667, 0.458176, 0.441929, 0.442972, 0.443026],
  "time_sec_apply": [0.000079, 0.000054, 0.000060, 0.000066, 0.000058],
  "time_sec_repair_step1": [[0.005071, 0.005048], [0.001916, 0.005516], [0.005579, 0.005591], [0.004549, 0.005114], [0.002929, 0.005082, 0.005676]],
  "time_sec_repair_step2": [[0.037950, 0.000053], [0.008485, 0.000025], [0.005231, 0.000048], [0.005726, 0.000049], [0.005990, 0.001247, 0.000156]],
  "time_sec_repair_step4": [[0.000040, 0.000026], [0.000028, 0.000030], [0.000075, 0.000057], [0.000109, 0.000067], [0.000264, 0.000247, 0.000060]],
  "time_sec_full_iteration": [0.054029, 0.474338, 0.458671, 0.458725, 0.464857],
  "merges_per_repair_iteration": [[6, 3], [17, 4], [92, 6], [249, 14], [476, 106, 3]],
  "node_count_over_time": [302, 469, 818, 1224, 2066],
  "class_count_over_time": [140, 197, 315, 450, 757]

}