{
  "n_rules": 56,
  "n_input_exprs": 22,
  "time_sec_match": [0.003557, 0.453796, 0.444499, 0.442004, 0.445176],
  "time_sec_apply": [0.005096, 0.000066, 0.000056, 0.000066, 0.000060],
  "time_sec_repair_step1": [[0.004726, 0.005076], [0.002914, 0.002889], [0.004691, 0.004928], [0.003279, 0.005007], [0.003431, 0.005089, 0.005636]],
  "time_sec_repair_step2": [[0.021673, 0.000052], [0.004926, 0.000025], [0.005698, 0.000048], [0.003598, 0.000046], [0.009147, 0.001243, 0.000153]],
  "time_sec_repair_step4": [[0.000039, 0.000026], [0.000028, 0.000031], [0.000079, 0.000057], [0.000119, 0.000063], [0.000253, 0.000251, 0.000062]],
  "time_sec_full_iteration": [0.040319, 0.464746, 0.460135, 0.454243, 0.470599],
  "merges_per_repair_iteration": [[6, 3], [17, 4], [90, 6], [248, 14], [484, 106, 2]],
  "node_count_over_time": [302, 468, 819, 1230, 2076],
  "class_count_over_time": [140, 196, 314, 453, 762]

}