{
  "n_rules": 56,
  "n_input_exprs": 22,
  "time_sec_match": [0.005673, 0.450703, 0.446958, 0.441111, 0.445962],
  "time_sec_apply": [0.000093, 0.000052, 0.000052, 0.000063, 0.000060],
  "time_sec_repair_step1": [[0.005096, 0.005657], [0.007495, 0.005064], [0.005576, 0.005619], [0.005051, 0.005087], [0.002500, 0.004941, 0.005586]],
  "time_sec_repair_step2": [[0.042843, 0.000054], [0.003532, 0.000025], [0.005240, 0.000046], [0.005683, 0.000048], [0.006001, 0.001239, 0.000150]],
  "time_sec_repair_step4": [[0.000039, 0.000026], [0.000028, 0.000029], [0.000077, 0.000056], [0.000104, 0.000066], [0.000270, 0.000256, 0.000062]],
  "time_sec_full_iteration": [0.059577, 0.467001, 0.463711, 0.457276, 0.467179],
  "merges_per_repair_iteration": [[6, 3], [17, 4], [92, 6], [248, 14], [479, 105, 3]],
  "node_count_over_time": [302, 467, 820, 1230, 2058],
  "class_count_over_time": [140, 196, 315, 454, 745]

}