{
  "n_rules": 56,
  "n_input_exprs": 22,
  "time_sec_match": [0.005133, 0.452956, 0.450769, 0.440661, 0.442236],
  "time_sec_apply": [0.000077, 0.000060, 0.000053, 0.000063, 0.000061],
  "time_sec_repair_step1": [[0.005668, 0.005032], [0.000388, 0.002774], [0.005624, 0.005614], [0.004744, 0.004989], [0.002897, 0.005066, 0.005607]],
  "time_sec_repair_step2": [[0.042912, 0.000054], [0.004749, 0.000025], [0.005205, 0.000049], [0.005661, 0.000049], [0.004648, 0.001239, 0.000148]],
  "time_sec_repair_step4": [[0.000039, 0.000025], [0.000028, 0.000029], [0.000111, 0.000074], [0.000111, 0.000065], [0.000272, 0.000246, 0.000061]],
  "time_sec_full_iteration": [0.059030, 0.461081, 0.467569, 0.456425, 0.462589],
  "merges_per_repair_iteration": [[6, 3], [16, 4], [91, 6], [246, 14], [486, 103, 2]],
  "node_count_over_time": [302, 468, 818, 1223, 2060],
  "class_count_over_time": [140, 197, 315, 453, 761]

}