{
  "n_rules": 56,
  "n_input_exprs": 22,
  "time_sec_match": [0.005091, 0.453440, 0.444021, 0.444607, 0.442726],
  "time_sec_apply": [0.000075, 0.000065, 0.000055, 0.000065, 0.000066],
  "time_sec_repair_step1": [[0.005627, 0.005103], [0.003680, 0.005667], [0.005555, 0.005616], [0.005622, 0.005590], [0.002904, 0.005197, 0.005684]],
  "time_sec_repair_step2": [[0.042839, 0.000054], [0.005175, 0.000025], [0.005163, 0.000048], [0.005146, 0.000051], [0.006052, 0.001243, 0.000157]],
  "time_sec_repair_step4": [[0.000041, 0.000027], [0.000028, 0.000031], [0.000079, 0.000058], [0.000124, 0.000065], [0.000259, 0.000232, 0.000061]],
  "time_sec_full_iteration": [0.058925, 0.468190, 0.460668, 0.461343, 0.464676],
  "merges_per_repair_iteration": [[6, 3], [17, 4], [93, 6], [249, 14], [479, 99, 3]],
  "node_count_over_time": [302, 467, 817, 1228, 2080],
  "class_count_over_time": [140, 196, 315, 456, 773]

}