{
  "n_rules": 56,
  "n_input_exprs": 22,
  "time_sec_match": [0.005114, 0.455770, 0.442864, 0.446143, 0.447844],
  "time_sec_apply": [0.000079, 0.000059, 0.000055, 0.000062, 0.000061],
  "time_sec_repair_step1": [[0.004514, 0.005577], [0.002345, 0.002785], [0.005652, 0.005670], [0.004695, 0.004994], [0.002537, 0.005055, 0.005609]],
  "time_sec_repair_step2": [[0.037399, 0.000053], [0.007604, 0.000027], [0.005246, 0.000050], [0.005698, 0.000046], [0.009632, 0.001220, 0.000147]],
  "time_sec_repair_step4": [[0.000038, 0.000026], [0.000029, 0.000030], [0.000075, 0.000057], [0.000097, 0.000066], [0.000272, 0.000234, 0.000061]],
  "time_sec_full_iteration": [0.052876, 0.468723, 0.459737, 0.461870, 0.472784],
  "merges_per_repair_iteration": [[6, 3], [17, 4], [88, 6], [243, 14], [470, 98, 3]],
  "node_count_over_time": [302, 469, 818, 1227, 2061],
  "class_count_over_time": [140, 197, 315, 454, 754]

}