{
  "n_rules": 46,
  "n_input_exprs": 22,
  "time_sec_match": [0.007370, 0.475132, 0.472578, 0.473192, 0.473095],
  "time_sec_apply": [0.000083, 0.000061, 0.000056, 0.000065, 0.000057],
  "time_sec_repair_step1": [[0.007916, 0.007751], [0.005870, 0.007946], [0.007903, 0.007857], [0.007857, 0.007921], [0.007908, 0.007955]],
  "time_sec_repair_step2": [[0.007427, 0.000053], [0.007423, 0.000027], [0.006304, 0.000047], [0.007461, 0.000050], [0.007657, 0.000103]],
  "time_sec_repair_step4": [[0.000038, 0.000026], [0.000031, 0.000033], [0.000071, 0.000058], [0.000100, 0.000073], [0.000217, 0.000170]],
  "time_sec_full_iteration": [0.030732, 0.496601, 0.494960, 0.496778, 0.497236],
  "merges_per_repair_iteration": [[5, 3], [14, 4], [85, 6], [245, 14], [412, 74]],
  "node_count_over_time": [302, 455, 754, 1045, 1618],
  "class_count_over_time": [140, 191, 298, 403, 624]

}