{
  "n_rules": 46,
  "n_input_exprs": 22,
  "time_sec_match": [0.012967, 0.468824, 0.473044, 0.462884, 0.470636],
  "time_sec_apply": [0.000079, 0.000059, 0.000058, 0.000057, 0.000065],
  "time_sec_repair_step1": [[0.006308, 0.007298], [0.005673, 0.005745], [0.007291, 0.007327], [0.006813, 0.007333], [0.007490, 0.007251]],
  "time_sec_repair_step2": [[0.008075, 0.000054], [0.005237, 0.000026], [0.008036, 0.000050], [0.007981, 0.000047], [0.008048, 0.000105]],
  "time_sec_repair_step4": [[0.000038, 0.000026], [0.000029, 0.000033], [0.000074, 0.000076], [0.000098, 0.000070], [0.000227, 0.000191]],
  "time_sec_full_iteration": [0.034915, 0.485707, 0.496022, 0.485393, 0.494088],
  "merges_per_repair_iteration": [[5, 3], [15, 4], [84, 6], [245, 14], [407, 81]],
  "node_count_over_time": [302, 457, 755, 1041, 1630],
  "class_count_over_time": [140, 193, 300, 401, 643]

}