{
  "n_rules": 46,
  "n_input_exprs": 22,
  "time_sec_match": [0.007297, 0.470044, 0.466982, 0.466027, 0.464156],
  "time_sec_apply": [0.000078, 0.000070, 0.000061, 0.000061, 0.000061],
  "time_sec_repair_step1": [[0.007829, 0.007844], [0.007261, 0.007325], [0.007288, 0.007392], [0.007310, 0.007125], [0.005153, 0.007153]],
  "time_sec_repair_step2": [[0.007468, 0.000054], [0.007930, 0.000026], [0.007993, 0.000050], [0.007953, 0.000048], [0.005896, 0.000103]],
  "time_sec_repair_step4": [[0.000038, 0.000026], [0.000027, 0.000032], [0.000073, 0.000058], [0.000097, 0.000071], [0.000207, 0.000172]],
  "time_sec_full_iteration": [0.030709, 0.492798, 0.489965, 0.488779, 0.483009],
  "merges_per_repair_iteration": [[5, 3], [14, 4], [83, 6], [226, 14], [395, 76]],
  "node_count_over_time": [302, 456, 751, 1040, 1628],
  "class_count_over_time": [140, 193, 299, 403, 635]

}