{
  "n_rules": 46,
  "n_input_exprs": 22,
  "time_sec_match": [0.007276, 0.464795, 0.471655, 0.465853, 0.468257],
  "time_sec_apply": [0.000083, 0.000061, 0.000058, 0.000063, 0.000062],
  "time_sec_repair_step1": [[0.007809, 0.007899], [0.005704, 0.005782], [0.006977, 0.005116], [0.007309, 0.007346], [0.004503, 0.007441]],
  "time_sec_repair_step2": [[0.007490, 0.000055], [0.007408, 0.000028], [0.006545, 0.000050], [0.007965, 0.000049], [0.006097, 0.000113]],
  "time_sec_repair_step4": [[0.000037, 0.000029], [0.000030, 0.000032], [0.000077, 0.000073], [0.000102, 0.000071], [0.000219, 0.000178]],
  "time_sec_full_iteration": [0.030743, 0.483912, 0.490623, 0.488844, 0.486977],
  "merges_per_repair_iteration": [[5, 3], [14, 4], [82, 6], [248, 14], [416, 73]],
  "node_count_over_time": [302, 457, 755, 1041, 1612],
  "class_count_over_time": [140, 193, 300, 404, 622]

}