{
  "n_rules": 46,
  "n_input_exprs": 22,
  "time_sec_match": [0.007357, 0.464858, 0.466990, 0.466802, 0.471253],
  "time_sec_apply": [0.000078, 0.000061, 0.000062, 0.000060, 0.000060],
  "time_sec_repair_step1": [[0.007873, 0.007837], [0.006731, 0.007270], [0.007374, 0.007416], [0.006903, 0.007251], [0.005746, 0.007863]],
  "time_sec_repair_step2": [[0.007449, 0.000055], [0.007797, 0.000027], [0.008109, 0.000050], [0.007782, 0.000049], [0.007574, 0.000111]],
  "time_sec_repair_step4": [[0.000039, 0.000027], [0.000028, 0.000032], [0.000071, 0.000063], [0.000095, 0.000070], [0.000231, 0.000191]],
  "time_sec_full_iteration": [0.030785, 0.486887, 0.490237, 0.489076, 0.493127],
  "merges_per_repair_iteration": [[5, 3], [15, 4], [84, 6], [244, 14], [420, 87]],
  "node_count_over_time": [302, 456, 753, 1036, 1622],
  "class_count_over_time": [140, 193, 300, 400, 635]

}