{
  "n_rules": 46,
  "n_input_exprs": 22,
  "time_sec_match": [0.007289, 0.464550, 0.469313, 0.469305, 0.473903],
  "time_sec_apply": [0.000079, 0.000055, 0.000059, 0.000067, 0.000059],
  "time_sec_repair_step1": [[0.007847, 0.007850], [0.003756, 0.005617], [0.005142, 0.006520], [0.006929, 0.007235], [0.007331, 0.007331]],
  "time_sec_repair_step2": [[0.007499, 0.000054], [0.005148, 0.000026], [0.008023, 0.000048], [0.007835, 0.000047], [0.008115, 0.000110]],
  "time_sec_repair_step4": [[0.000038, 0.000027], [0.000028, 0.000031], [0.000072, 0.000058], [0.000095, 0.000071], [0.000215, 0.000170]],
  "time_sec_full_iteration": [0.030748, 0.479293, 0.489314, 0.491665, 0.497388],
  "merges_per_repair_iteration": [[5, 3], [15, 4], [83, 6], [226, 14], [386, 76]],
  "node_count_over_time": [302, 456, 755, 1045, 1635],
  "class_count_over_time": [140, 192, 299, 404, 638]

}