{
  "n_rules": 46,
  "n_input_exprs": 22,
  "time_sec_match": [0.007277, 0.467681, 0.472991, 0.470317, 0.473369],
  "time_sec_apply": [0.000077, 0.000060, 0.000060, 0.000067, 0.000062],
  "time_sec_repair_step1": [[0.007837, 0.007866], [0.004737, 0.007301], [0.007284, 0.007370], [0.006727, 0.007375], [0.007848, 0.007953]],
  "time_sec_repair_step2": [[0.007528, 0.000055], [0.007374, 0.000028], [0.008056, 0.000051], [0.007968, 0.000050], [0.007703, 0.000114]],
  "time_sec_repair_step4": [[0.000037, 0.000028], [0.000030, 0.000033], [0.000080, 0.000059], [0.000100, 0.000070], [0.000230, 0.000189]],
  "time_sec_full_iteration": [0.030791, 0.487329, 0.496030, 0.492736, 0.497553],
  "merges_per_repair_iteration": [[5, 3], [15, 4], [81, 6], [225, 14], [383, 81]],
  "node_count_over_time": [302, 457, 754, 1040, 1619],
  "class_count_over_time": [140, 193, 300, 401, 632]

}