{
  "n_rules": 46,
  "n_input_exprs": 22,
  "time_sec_match": [0.007334, 0.471076, 0.468751, 0.471789, 0.470331],
  "time_sec_apply": [0.000078, 0.000059, 0.000062, 0.000058, 0.000060],
  "time_sec_repair_step1": [[0.007846, 0.007866], [0.005693, 0.006481], [0.007818, 0.007879], [0.007368, 0.007303], [0.005193, 0.005161]],
  "time_sec_repair_step2": [[0.007461, 0.000055], [0.007418, 0.000027], [0.007461, 0.000049], [0.007934, 0.000049], [0.007322, 0.000103]],
  "time_sec_repair_step4": [[0.000037, 0.000028], [0.000029, 0.000032], [0.000097, 0.000066], [0.000118, 0.000073], [0.000206, 0.000174]],
  "time_sec_full_iteration": [0.030777, 0.490932, 0.492287, 0.494783, 0.488654],
  "merges_per_repair_iteration": [[5, 3], [15, 4], [85, 6], [238, 14], [416, 71]],
  "node_count_over_time": [302, 455, 753, 1040, 1617],
  "class_count_over_time": [140, 192, 299, 403, 637]

}