{
  "n_rules": 46,
  "n_input_exprs": 22,
  "time_sec_match": [0.007876, 0.468812, 0.472994, 0.471513, 0.473508],
  "time_sec_apply": [0.000081, 0.000067, 0.000062, 0.000064, 0.000064],
  "time_sec_repair_step1": [[0.007264, 0.007345], [0.004732, 0.007292], [0.007283, 0.007380], [0.007870, 0.007978], [0.007925, 0.007971]],
  "time_sec_repair_step2": [[0.008046, 0.000056], [0.007343, 0.000028], [0.008073, 0.000050], [0.007469, 0.000051], [0.007637, 0.000111]],
  "time_sec_repair_step4": [[0.000039, 0.000027], [0.000030, 0.000033], [0.000112, 0.000068], [0.000101, 0.000071], [0.000231, 0.000190]],
  "time_sec_full_iteration": [0.030808, 0.488411, 0.496101, 0.495203, 0.497732],
  "merges_per_repair_iteration": [[5, 3], [14, 4], [84, 6], [247, 14], [415, 82]],
  "node_count_over_time": [302, 456, 749, 1033, 1613],
  "class_count_over_time": [140, 193, 299, 399, 628]

}