{
  "n_rules": 46,
  "n_input_exprs": 22,
  "time_sec_match": [0.007350, 0.467192, 0.465593, 0.463544, 0.470860],
  "time_sec_apply": [0.000081, 0.000058, 0.000056, 0.000052, 0.000066],
  "time_sec_repair_step1": [[0.007782, 0.007795], [0.005703, 0.005953], [0.004702, 0.005573], [0.006904, 0.007291], [0.005182, 0.007357]],
  "time_sec_repair_step2": [[0.007510, 0.000056], [0.006656, 0.000027], [0.005189, 0.000047], [0.007891, 0.000048], [0.007307, 0.000114]],
  "time_sec_repair_step4": [[0.000038, 0.000028], [0.000029, 0.000032], [0.000068, 0.000069], [0.000095, 0.000070], [0.000229, 0.000201]],
  "time_sec_full_iteration": [0.030710, 0.485721, 0.481383, 0.485987, 0.491396],
  "merges_per_repair_iteration": [[5, 3], [14, 4], [84, 6], [246, 14], [411, 75]],
  "node_count_over_time": [302, 458, 754, 1040, 1617],
  "class_count_over_time": [140, 193, 299, 400, 627]

}