{
  "n_rules": 38,
  "n_input_exprs": 10,
  "time_sec_match": [0.007371, 0.482206, 0.463497, 0.469408, 0.476384],
  "time_sec_apply": [0.000057, 0.000057, 0.000062, 0.000054, 0.000063],
  "time_sec_repair_step1": [[0.007782, 0.005905], [0.007857, 0.007897], [0.007836, 0.007976], [0.007060, 0.007326], [0.004798, 0.006428]],
  "time_sec_repair_step2": [[0.045117, 0.000047], [0.007370, 0.000026], [0.007471, 0.000048], [0.005841, 0.000049], [0.007123, 0.000106]],
  "time_sec_repair_step4": [[0.000039, 0.000029], [0.000026, 0.000032], [0.000077, 0.000083], [0.000106, 0.000071], [0.000222, 0.000190]],
  "time_sec_full_iteration": [0.066424, 0.505536, 0.487105, 0.490025, 0.495378],
  "merges_per_repair_iteration": [[5, 3], [11, 4], [53, 6], [183, 14], [353, 84]],
  "node_count_over_time": [113, 175, 342, 558, 1140],
  "class_count_over_time": [55, 78, 150, 242, 478]

}