{
  "n_rules": 38,
  "n_input_exprs": 10,
  "time_sec_match": [0.007330, 0.484128, 0.467261, 0.470818, 0.467024],
  "time_sec_apply": [0.000061, 0.000056, 0.000058, 0.000057, 0.000066],
  "time_sec_repair_step1": [[0.007906, 0.007265], [0.007831, 0.007936], [0.007896, 0.007891], [0.007834, 0.007960], [0.007882, 0.005798]],
  "time_sec_repair_step2": [[0.041403, 0.000042], [0.007402, 0.000027], [0.007425, 0.000049], [0.007402, 0.000048], [0.007223, 0.000108]],
  "time_sec_repair_step4": [[0.000039, 0.000027], [0.000030, 0.000032], [0.000077, 0.000058], [0.000095, 0.000070], [0.000216, 0.000190]],
  "time_sec_full_iteration": [0.064157, 0.507509, 0.490791, 0.494360, 0.488580],
  "merges_per_repair_iteration": [[5, 3], [12, 4], [53, 6], [183, 14], [348, 90]],
  "node_count_over_time": [113, 175, 342, 558, 1147],
  "class_count_over_time": [55, 78, 150, 242, 477]

}