{
  "n_rules": 38,
  "n_input_exprs": 10,
  "time_sec_match": [0.007402, 0.483999, 0.474165, 0.467829, 0.466958],
  "time_sec_apply": [0.000060, 0.000060, 0.000063, 0.000054, 0.000066],
  "time_sec_repair_step1": [[0.007278, 0.006383], [0.007321, 0.007369], [0.007959, 0.007921], [0.008008, 0.007926], [0.006937, 0.007232]],
  "time_sec_repair_step2": [[0.037462, 0.000042], [0.007964, 0.000026], [0.007540, 0.000048], [0.007235, 0.000047], [0.007942, 0.000116]],
  "time_sec_repair_step4": [[0.000039, 0.000027], [0.000027, 0.000032], [0.000105, 0.000096], [0.000098, 0.000070], [0.000223, 0.000190]],
  "time_sec_full_iteration": [0.058764, 0.506863, 0.497970, 0.491349, 0.489724],
  "merges_per_repair_iteration": [[5, 3], [11, 4], [53, 6], [183, 14], [346, 73]],
  "node_count_over_time": [113, 175, 342, 558, 1134],
  "class_count_over_time": [55, 78, 150, 242, 469]

}