{
  "n_rules": 38,
  "n_input_exprs": 10,
  "time_sec_match": [0.007339, 0.468884, 0.468502, 0.471244, 0.467506],
  "time_sec_apply": [0.000054, 0.000053, 0.000061, 0.000061, 0.000071],
  "time_sec_repair_step1": [[0.007073, 0.007892], [0.005041, 0.005091], [0.004784, 0.007321], [0.007908, 0.007952], [0.007907, 0.007840]],
  "time_sec_repair_step2": [[0.037537, 0.000043], [0.005695, 0.000025], [0.007378, 0.000046], [0.007450, 0.000048], [0.007486, 0.000110]],
  "time_sec_repair_step4": [[0.000039, 0.000028], [0.000025, 0.000030], [0.000080, 0.000057], [0.000101, 0.000071], [0.000225, 0.000198]],
  "time_sec_full_iteration": [0.060082, 0.484941, 0.488302, 0.494918, 0.491415],
  "merges_per_repair_iteration": [[5, 3], [12, 4], [53, 6], [162, 14], [329, 81]],
  "node_count_over_time": [113, 175, 343, 557, 1132],
  "class_count_over_time": [55, 78, 150, 240, 473]

}