{
  "n_rules": 38,
  "n_input_exprs": 10,
  "time_sec_match": [0.007986, 0.483469, 0.463842, 0.472368, 0.468224],
  "time_sec_apply": [0.000059, 0.000059, 0.000058, 0.000057, 0.000063],
  "time_sec_repair_step1": [[0.007361, 0.007306], [0.007828, 0.007967], [0.006996, 0.007869], [0.007923, 0.007977], [0.007878, 0.005796]],
  "time_sec_repair_step2": [[0.053402, 0.000043], [0.007490, 0.000025], [0.007369, 0.000046], [0.007419, 0.000048], [0.007406, 0.000109]],
  "time_sec_repair_step4": [[0.000039, 0.000028], [0.000031, 0.000032], [0.000077, 0.000079], [0.000097, 0.000071], [0.000226, 0.000195]],
  "time_sec_full_iteration": [0.076305, 0.506979, 0.486411, 0.496029, 0.489967],
  "merges_per_repair_iteration": [[5, 3], [12, 4], [53, 6], [183, 14], [347, 78]],
  "node_count_over_time": [113, 174, 342, 558, 1136],
  "class_count_over_time": [55, 78, 150, 242, 470]

}