{
  "n_rules": 38,
  "n_input_exprs": 10,
  "time_sec_match": [0.007921, 0.484640, 0.470842, 0.468333, 0.464610],
  "time_sec_apply": [0.000063, 0.000052, 0.000060, 0.000060, 0.000073],
  "time_sec_repair_step1": [[0.007293, 0.007930], [0.007816, 0.007907], [0.007803, 0.007921], [0.007347, 0.007293], [0.004784, 0.007264]],
  "time_sec_repair_step2": [[0.045356, 0.000044], [0.006851, 0.000025], [0.007412, 0.000046], [0.007958, 0.000049], [0.007395, 0.000112]],
  "time_sec_repair_step4": [[0.000039, 0.000028], [0.000030, 0.000032], [0.000085, 0.000088], [0.000098, 0.000069], [0.000231, 0.000200]],
  "time_sec_full_iteration": [0.068755, 0.507433, 0.494364, 0.491294, 0.484742],
  "merges_per_repair_iteration": [[5, 3], [11, 4], [53, 6], [162, 14], [330, 73]],
  "node_count_over_time": [113, 175, 342, 558, 1128],
  "class_count_over_time": [55, 78, 150, 242, 466]

}