{
  "n_rules": 38,
  "n_input_exprs": 10,
  "time_sec_match": [0.005728, 0.479627, 0.464936, 0.465960, 0.472310],
  "time_sec_apply": [0.000061, 0.000056, 0.000058, 0.000060, 0.000067],
  "time_sec_repair_step1": [[0.007239, 0.007957], [0.007946, 0.007858], [0.006944, 0.007329], [0.003839, 0.007282], [0.007844, 0.007937]],
  "time_sec_repair_step2": [[0.044383, 0.000043], [0.007418, 0.000025], [0.007932, 0.000048], [0.007244, 0.000048], [0.007533, 0.000110]],
  "time_sec_repair_step4": [[0.000039, 0.000028], [0.000026, 0.000031], [0.000080, 0.000063], [0.000095, 0.000070], [0.000229, 0.000198]],
  "time_sec_full_iteration": [0.065547, 0.503057, 0.487457, 0.484693, 0.496318],
  "merges_per_repair_iteration": [[5, 3], [12, 4], [53, 6], [183, 14], [346, 75]],
  "node_count_over_time": [113, 175, 342, 558, 1136],
  "class_count_over_time": [55, 78, 150, 242, 472]

}