{
  "n_rules": 38,
  "n_input_exprs": 10,
  "time_sec_match": [0.007307, 0.484260, 0.471945, 0.471480, 0.467536],
  "time_sec_apply": [0.000057, 0.000056, 0.000056, 0.000059, 0.000067],
  "time_sec_repair_step1": [[0.007905, 0.007936], [0.007204, 0.007910], [0.006375, 0.007306], [0.007848, 0.007838], [0.005777, 0.005689]],
  "time_sec_repair_step2": [[0.052639, 0.000043], [0.007364, 0.000026], [0.007918, 0.000047], [0.007379, 0.000047], [0.007028, 0.000115]],
  "time_sec_repair_step4": [[0.000039, 0.000028], [0.000027, 0.000031], [0.000074, 0.000066], [0.000096, 0.000070], [0.000227, 0.000193]],
  "time_sec_full_iteration": [0.076034, 0.506945, 0.493862, 0.494893, 0.486709],
  "merges_per_repair_iteration": [[5, 3], [13, 4], [53, 6], [183, 14], [350, 69]],
  "node_count_over_time": [113, 173, 340, 556, 1140],
  "class_count_over_time": [55, 78, 150, 242, 472]

}