{
  "n_rules": 38,
  "n_input_exprs": 10,
  "time_sec_match": [0.007386, 0.481105, 0.466122, 0.468916, 0.463074],
  "time_sec_apply": [0.000071, 0.000066, 0.000058, 0.000061, 0.000061],
  "time_sec_repair_step1": [[0.007894, 0.007303], [0.006055, 0.007187], [0.005178, 0.007313], [0.007931, 0.007940], [0.007872, 0.007874]],
  "time_sec_repair_step2": [[0.027041, 0.000042], [0.007861, 0.000026], [0.007574, 0.000047], [0.007425, 0.000047], [0.007466, 0.000111]],
  "time_sec_repair_step4": [[0.000040, 0.000027], [0.000027, 0.000031], [0.000101, 0.000092], [0.000096, 0.000069], [0.000223, 0.000187]],
  "time_sec_full_iteration": [0.049891, 0.502420, 0.486587, 0.492563, 0.486938],
  "merges_per_repair_iteration": [[5, 3], [12, 4], [53, 6], [183, 14], [350, 82]],
  "node_count_over_time": [113, 174, 341, 557, 1142],
  "class_count_over_time": [55, 78, 150, 242, 481]

}