{
  "n_rules": 38,
  "n_input_exprs": 10,
  "time_sec_match": [0.006595, 0.477955, 0.473024, 0.472448, 0.468888],
  "time_sec_apply": [0.000055, 0.000054, 0.000058, 0.000055, 0.000066],
  "time_sec_repair_step1": [[0.007264, 0.007323], [0.005090, 0.005127], [0.007928, 0.005754], [0.007274, 0.007295], [0.004768, 0.006224]],
  "time_sec_repair_step2": [[0.038038, 0.000042], [0.007148, 0.000026], [0.007195, 0.000047], [0.007986, 0.000047], [0.007308, 0.000109]],
  "time_sec_repair_step4": [[0.000039, 0.000027], [0.000027, 0.000033], [0.000086, 0.000078], [0.000100, 0.000070], [0.000223, 0.000199]],
  "time_sec_full_iteration": [0.059459, 0.495537, 0.494252, 0.495379, 0.487871],
  "merges_per_repair_iteration": [[5, 3], [12, 4], [53, 6], [162, 14], [320, 73]],
  "node_count_over_time": [113, 174, 342, 558, 1131],
  "class_count_over_time": [55, 78, 150, 242, 471]

}