{
  "n_rules": 56,
  "n_input_exprs": 5,
  "time_sec_match": [0.005694, 0.456505, 0.445673, 0.447474, 0.449445],
  "time_sec_apply": [0.000063, 0.000055, 0.000056, 0.000057, 0.000066],
  "time_sec_repair_step1": [[0.005034, 0.005053], [0.005568, 0.005675], [0.001666, 0.002970], [0.005098, 0.005072], [0.004727, 0.005004]],
  "time_sec_repair_step2": [[0.122348, 0.000041], [0.005153, 0.000025], [0.004872, 0.000045], [0.005777, 0.000046], [0.005759, 0.000097]],
  "time_sec_repair_step4": [[0.000039, 0.000026], [0.000027, 0.000030], [0.000105, 0.000072], [0.000115, 0.000067], [0.000203, 0.000165]],
  "time_sec_full_iteration": [0.138382, 0.473110, 0.455535, 0.463791, 0.465538],
  "merges_per_repair_iteration": [[5, 3], [12, 4], [56, 6], [175, 14], [346, 71]],
  "node_count_over_time": [71, 134, 326, 562, 1137],
  "class_count_over_time": [35, 62, 140, 238, 470]

}