{
  "n_rules": 56,
  "n_input_exprs": 5,
  "time_sec_match": [0.005137, 0.461306, 0.447217, 0.445624, 0.447858],
  "time_sec_apply": [0.000050, 0.000069, 0.000061, 0.000057, 0.000063],
  "time_sec_repair_step1": [[0.005588, 0.002904], [0.005653, 0.005649], [0.005093, 0.005050], [0.002562, 0.002720], [0.005069, 0.005116]],
  "time_sec_repair_step2": [[0.110930, 0.000041], [0.005145, 0.000026], [0.005729, 0.000044], [0.005111, 0.000046], [0.005866, 0.000104]],
  "time_sec_repair_step4": [[0.000037, 0.000028], [0.000026, 0.000030], [0.000074, 0.000052], [0.000093, 0.000067], [0.000215, 0.000187]],
  "time_sec_full_iteration": [0.124790, 0.477975, 0.463385, 0.456353, 0.464558],
  "merges_per_repair_iteration": [[5, 3], [12, 4], [57, 6], [176, 14], [341, 87]],
  "node_count_over_time": [71, 134, 326, 560, 1155],
  "class_count_over_time": [35, 62, 140, 235, 474]

}