{
  "n_rules": 56,
  "n_input_exprs": 5,
  "time_sec_match": [0.005108, 0.463338, 0.443626, 0.444482, 0.445770],
  "time_sec_apply": [0.000049, 0.000051, 0.000050, 0.000054, 0.000062],
  "time_sec_repair_step1": [[0.005700, 0.002846], [0.002558, 0.004046], [0.005072, 0.005106], [0.002337, 0.002810], [0.005083, 0.005042]],
  "time_sec_repair_step2": [[0.120213, 0.000039], [0.005571, 0.000024], [0.005814, 0.000046], [0.007479, 0.000048], [0.005793, 0.000101]],
  "time_sec_repair_step4": [[0.000037, 0.000026], [0.000027, 0.000029], [0.000099, 0.000075], [0.000095, 0.000069], [0.000215, 0.000178]],
  "time_sec_full_iteration": [0.134084, 0.475725, 0.459952, 0.457440, 0.462316],
  "merges_per_repair_iteration": [[5, 3], [12, 4], [57, 6], [176, 14], [347, 78]],
  "node_count_over_time": [71, 134, 325, 556, 1124],
  "class_count_over_time": [35, 62, 140, 233, 455]

}