{
  "n_rules": 56,
  "n_input_exprs": 5,
  "time_sec_match": [0.005094, 0.453468, 0.446014, 0.448689, 0.444207],
  "time_sec_apply": [0.000061, 0.000052, 0.000058, 0.000062, 0.000058],
  "time_sec_repair_step1": [[0.005600, 0.004718], [0.005099, 0.005093], [0.002524, 0.004995], [0.004113, 0.005050], [0.005088, 0.005096]],
  "time_sec_repair_step2": [[0.110342, 0.000041], [0.005717, 0.000026], [0.005899, 0.000046], [0.005691, 0.000045], [0.005859, 0.000108]],
  "time_sec_repair_step4": [[0.000037, 0.000026], [0.000025, 0.000030], [0.000072, 0.000053], [0.000089, 0.000063], [0.000213, 0.000186]],
  "time_sec_full_iteration": [0.125987, 0.469576, 0.459749, 0.463877, 0.460894],
  "merges_per_repair_iteration": [[5, 3], [11, 4], [56, 6], [175, 14], [344, 75]],
  "node_count_over_time": [71, 134, 328, 561, 1143],
  "class_count_over_time": [35, 62, 140, 234, 462]

}