{
  "n_rules": 56,
  "n_input_exprs": 5,
  "time_sec_match": [0.005604, 0.457257, 0.447359, 0.443982, 0.449629],
  "time_sec_apply": [0.000061, 0.000060, 0.000057, 0.000063, 0.000061],
  "time_sec_repair_step1": [[0.005102, 0.004646], [0.004732, 0.005606], [0.004711, 0.004978], [0.003407, 0.002931], [0.004704, 0.004929]],
  "time_sec_repair_step2": [[0.111973, 0.000042], [0.005101, 0.000026], [0.005723, 0.000046], [0.007817, 0.000046], [0.005738, 0.000106]],
  "time_sec_repair_step4": [[0.000037, 0.000028], [0.000027, 0.000031], [0.000092, 0.000073], [0.000097, 0.000066], [0.000216, 0.000182]],
  "time_sec_full_iteration": [0.127577, 0.472905, 0.463105, 0.458492, 0.465641],
  "merges_per_repair_iteration": [[5, 3], [12, 4], [56, 6], [197, 14], [361, 78]],
  "node_count_over_time": [71, 134, 325, 557, 1146],
  "class_count_over_time": [35, 62, 140, 234, 473]

}