{
  "n_rules": 56,
  "n_input_exprs": 5,
  "time_sec_match": [0.005174, 0.453999, 0.442948, 0.445979, 0.435927],
  "time_sec_apply": [0.000063, 0.000059, 0.000056, 0.000056, 0.000058],
  "time_sec_repair_step1": [[0.005665, 0.005619], [0.004655, 0.004942], [0.003422, 0.003569], [0.005587, 0.005683], [0.002826, 0.003403]],
  "time_sec_repair_step2": [[0.113862, 0.000041], [0.005604, 0.000024], [0.005077, 0.000046], [0.005196, 0.000046], [0.006354, 0.000086]],
  "time_sec_repair_step4": [[0.000037, 0.000028], [0.000027, 0.000030], [0.000076, 0.000054], [0.000089, 0.000067], [0.000210, 0.000182]],
  "time_sec_full_iteration": [0.130585, 0.469421, 0.455312, 0.462767, 0.449131],
  "merges_per_repair_iteration": [[5, 3], [12, 4], [56, 6], [177, 14], [337, 81]],
  "node_count_over_time": [71, 134, 327, 558, 1143],
  "class_count_over_time": [35, 62, 140, 234, 470]

}