{
  "n_rules": 56,
  "n_input_exprs": 5,
  "time_sec_match": [0.005174, 0.453177, 0.447917, 0.445886, 0.447117],
  "time_sec_apply": [0.000050, 0.000055, 0.000057, 0.000049, 0.000056],
  "time_sec_repair_step1": [[0.005640, 0.005035], [0.005025, 0.002908], [0.002060, 0.002820], [0.005051, 0.005062], [0.005591, 0.005614]],
  "time_sec_repair_step2": [[0.110006, 0.000041], [0.003779, 0.000022], [0.007586, 0.000046], [0.005663, 0.000045], [0.005311, 0.000102]],
  "time_sec_repair_step4": [[0.000036, 0.000029], [0.000023, 0.000029], [0.000098, 0.000071], [0.000110, 0.000063], [0.000214, 0.000179]],
  "time_sec_full_iteration": [0.126084, 0.465080, 0.461000, 0.462007, 0.464262],
  "merges_per_repair_iteration": [[5, 3], [11, 4], [57, 6], [175, 14], [345, 75]],
  "node_count_over_time": [71, 134, 326, 560, 1139],
  "class_count_over_time": [35, 62, 140, 235, 462]

}