{
  "n_rules": 56,
  "n_input_exprs": 5,
  "time_sec_match": [0.005622, 0.454672, 0.443756, 0.442853, 0.441747],
  "time_sec_apply": [0.000057, 0.000054, 0.000057, 0.000052, 0.000061],
  "time_sec_repair_step1": [[0.005029, 0.005082], [0.004999, 0.005600], [0.004720, 0.004869], [0.005682, 0.005610], [0.002380, 0.004882]],
  "time_sec_repair_step2": [[0.122450, 0.000041], [0.008598, 0.000025], [0.005652, 0.000044], [0.005207, 0.000044], [0.003607, 0.000104]],
  "time_sec_repair_step4": [[0.000033, 0.000026], [0.000024, 0.000030], [0.000081, 0.000053], [0.000091, 0.000065], [0.000222, 0.000185]],
  "time_sec_full_iteration": [0.138453, 0.474071, 0.459320, 0.459681, 0.453267],
  "merges_per_repair_iteration": [[5, 3], [12, 4], [52, 6], [172, 14], [337, 81]],
  "node_count_over_time": [71, 134, 328, 559, 1135],
  "class_count_over_time": [35, 62, 140, 234, 461]

}