{
  "n_rules": 56,
  "n_input_exprs": 5,
  "time_sec_match": [0.005131, 0.460059, 0.445431, 0.445613, 0.443191],
  "time_sec_apply": [0.000059, 0.000054, 0.000056, 0.000055, 0.000067],
  "time_sec_repair_step1": [[0.005649, 0.005608], [0.003436, 0.005081], [0.005023, 0.005047], [0.004733, 0.004934], [0.002926, 0.002861]],
  "time_sec_repair_step2": [[0.111317, 0.000041], [0.008609, 0.000025], [0.005702, 0.000044], [0.005642, 0.000046], [0.004948, 0.000106]],
  "time_sec_repair_step4": [[0.000037, 0.000028], [0.000027, 0.000030], [0.000071, 0.000052], [0.000091, 0.000067], [0.000212, 0.000186]],
  "time_sec_full_iteration": [0.127958, 0.477395, 0.461501, 0.461259, 0.454610],
  "merges_per_repair_iteration": [[5, 3], [12, 4], [56, 6], [176, 14], [347, 77]],
  "node_count_over_time": [71, 134, 325, 557, 1136],
  "class_count_over_time": [35, 62, 139, 233, 470]

}