{
  "n_rules": 56,
  "n_input_exprs": 5,
  "time_sec_match": [0.005174, 0.454347, 0.446363, 0.446738, 0.447553],
  "time_sec_apply": [0.000062, 0.000066, 0.000057, 0.000055, 0.000059],
  "time_sec_repair_step1": [[0.005672, 0.005659], [0.002332, 0.002822], [0.005562, 0.005626], [0.005638, 0.005629], [0.003371, 0.005084]],
  "time_sec_repair_step2": [[0.114770, 0.000040], [0.007371, 0.000024], [0.005215, 0.000046], [0.005202, 0.000046], [0.008598, 0.000104]],
  "time_sec_repair_step4": [[0.000037, 0.000027], [0.000024, 0.000029], [0.000088, 0.000078], [0.000104, 0.000067], [0.000211, 0.000181]],
  "time_sec_full_iteration": [0.131512, 0.467084, 0.463106, 0.463540, 0.465258],
  "merges_per_repair_iteration": [[5, 3], [11, 4], [57, 6], [176, 14], [340, 73]],
  "node_count_over_time": [71, 134, 326, 558, 1136],
  "class_count_over_time": [35, 62, 140, 234, 464]

}