{
  "n_rules": 56,
  "n_input_exprs": 20,
  "time_sec_match": [0.006538, 0.420335, 0.421037, 0.418980, 0.446305],
  "time_sec_apply": [0.000675, 0.000532, 0.000600, 0.004005, 0.003579],
  "time_sec_repair_step1": [[0.003483, 0.002834], [0.001184, 0.003359], [0.003452, 0.002866], [0.002737, 0.003420], [0.003426, 0.003486, 0.003369]],
  "time_sec_repair_step2": [[0.083302, 0.000308], [0.006879, 0.000187], [0.007221, 0.000385], [0.006916, 0.000404], [0.027948, 0.021977, 0.001228]],
  "time_sec_repair_step4": [[0.000290, 0.000179], [0.000214, 0.000224], [0.000607, 0.000456], [0.000778, 0.000529], [0.005156, 0.005104, 0.000537]],
  "time_sec_full_iteration": [0.097709, 0.432989, 0.436695, 0.437845, 0.522245],
  "merges_per_repair_iteration": [[6, 3], [15, 4], [92, 6], [244, 14], [467, 99, 2]],
  "node_count_over_time": [280, 439, 772, 1165, 1997],
  "class_count_over_time": [130, 186, 299, 432, 740]

}