{
  "n_rules": 56,
  "n_input_exprs": 20,
  "time_sec_match": [0.009355, 0.425696, 0.417896, 0.425469, 0.443871],
  "time_sec_apply": [0.000717, 0.000574, 0.000593, 0.000724, 0.003552],
  "time_sec_repair_step1": [[0.003440, 0.003364], [0.000671, 0.002861], [0.002514, 0.003435], [0.003473, 0.002862], [0.003434, 0.003496, 0.003379]],
  "time_sec_repair_step2": [[0.073779, 0.000309], [0.007769, 0.000184], [0.007049, 0.000386], [0.006882, 0.000397], [0.027741, 0.022374, 0.001249]],
  "time_sec_repair_step4": [[0.000291, 0.000178], [0.000221, 0.000224], [0.000673, 0.000776], [0.001243, 0.000528], [0.005293, 0.005106, 0.000553]],
  "time_sec_full_iteration": [0.091547, 0.438283, 0.433404, 0.441658, 0.520207],
  "merges_per_repair_iteration": [[6, 3], [14, 4], [90, 6], [265, 8], [507, 111, 3]],
  "node_count_over_time": [280, 437, 774, 1174, 2020],
  "class_count_over_time": [130, 184, 298, 438, 748]

}