{
  "n_rules": 56,
  "n_input_exprs": 20,
  "time_sec_match": [0.006574, 0.424095, 0.419743, 0.426180, 0.441252],
  "time_sec_apply": [0.000731, 0.000522, 0.000640, 0.000584, 0.004065],
  "time_sec_repair_step1": [[0.002891, 0.002855], [0.003420, 0.002864], [0.001193, 0.002710], [0.002880, 0.003391], [0.002921, 0.002915, 0.002840]],
  "time_sec_repair_step2": [[0.080496, 0.000307], [0.006582, 0.000184], [0.007941, 0.000386], [0.006803, 0.000401], [0.027940, 0.021990, 0.001240]],
  "time_sec_repair_step4": [[0.000291, 0.000179], [0.000203, 0.000223], [0.000714, 0.000577], [0.000897, 0.000528], [0.005647, 0.005744, 0.000541]],
  "time_sec_full_iteration": [0.094404, 0.438158, 0.433983, 0.441742, 0.517226],
  "merges_per_repair_iteration": [[6, 3], [15, 4], [89, 6], [266, 14], [492, 98, 3]],
  "node_count_over_time": [280, 438, 775, 1170, 2011],
  "class_count_over_time": [130, 185, 299, 434, 748]

}