{
  "n_rules": 56,
  "n_input_exprs": 20,
  "time_sec_match": [0.003043, 0.426922, 0.417449, 0.423907, 0.441331],
  "time_sec_apply": [0.000730, 0.000577, 0.000525, 0.000557, 0.000668],
  "time_sec_repair_step1": [[0.002544, 0.003390], [0.003362, 0.002867], [0.002538, 0.003420], [0.002903, 0.003395], [0.003447, 0.003539, 0.003376]],
  "time_sec_repair_step2": [[0.089126, 0.000308], [0.006595, 0.000185], [0.007077, 0.000385], [0.006934, 0.000401], [0.027635, 0.022020, 0.001228]],
  "time_sec_repair_step4": [[0.000265, 0.000180], [0.000215, 0.000224], [0.000618, 0.000456], [0.000768, 0.000527], [0.005149, 0.005170, 0.000534]],
  "time_sec_full_iteration": [0.099669, 0.441027, 0.432536, 0.439462, 0.514203],
  "merges_per_repair_iteration": [[6, 3], [16, 4], [90, 6], [241, 14], [464, 107, 2]],
  "node_count_over_time": [280, 437, 769, 1163, 2003],
  "class_count_over_time": [130, 184, 297, 432, 745]

}