{
  "n_rules": 56,
  "n_input_exprs": 20,
  "time_sec_match": [0.006529, 0.419685, 0.423229, 0.423028, 0.451911],
  "time_sec_apply": [0.000677, 0.000583, 0.000601, 0.003602, 0.000626],
  "time_sec_repair_step1": [[0.003439, 0.002855], [0.002502, 0.003413], [0.000700, 0.003362], [0.003407, 0.002868], [0.002868, 0.002912, 0.002848]],
  "time_sec_repair_step2": [[0.070977, 0.000307], [0.006372, 0.000186], [0.007457, 0.000389], [0.006915, 0.000400], [0.027666, 0.022005, 0.001208]],
  "time_sec_repair_step4": [[0.000297, 0.000179], [0.000204, 0.000224], [0.000599, 0.000458], [0.000756, 0.000534], [0.005613, 0.005468, 0.000538]],
  "time_sec_full_iteration": [0.085337, 0.433238, 0.436872, 0.441595, 0.523791],
  "merges_per_repair_iteration": [[6, 3], [16, 4], [91, 6], [246, 14], [477, 102, 3]],
  "node_count_over_time": [280, 437, 773, 1173, 1996],
  "class_count_over_time": [130, 184, 298, 438, 733]

}