{
  "n_rules": 56,
  "n_input_exprs": 20,
  "time_sec_match": [0.006594, 0.420317, 0.421873, 0.422807, 0.443619],
  "time_sec_apply": [0.000759, 0.000515, 0.000496, 0.004175, 0.000699],
  "time_sec_repair_step1": [[0.002884, 0.002815], [0.001187, 0.002709], [0.002869, 0.003419], [0.002771, 0.003405], [0.003468, 0.003450, 0.003369]],
  "time_sec_repair_step2": [[0.074283, 0.000307], [0.005819, 0.000184], [0.007219, 0.000387], [0.006865, 0.000402], [0.027955, 0.022014, 0.001250]],
  "time_sec_repair_step4": [[0.000313, 0.000179], [0.000220, 0.000225], [0.000610, 0.000456], [0.000722, 0.000527], [0.005273, 0.005171, 0.000543]],
  "time_sec_full_iteration": [0.088262, 0.431249, 0.437412, 0.441756, 0.516961],
  "merges_per_repair_iteration": [[6, 3], [15, 4], [89, 6], [242, 14], [470, 96, 2]],
  "node_count_over_time": [280, 439, 775, 1171, 2009],
  "class_count_over_time": [130, 186, 300, 436, 744]

}