{
  "n_rules": 56,
  "n_input_exprs": 20,
  "time_sec_match": [0.006534, 0.414677, 0.419670, 0.422111, 0.447537],
  "time_sec_apply": [0.000741, 0.000554, 0.000593, 0.000688, 0.000680],
  "time_sec_repair_step1": [[0.003455, 0.003394], [0.003392, 0.002868], [0.000706, 0.001188], [0.003394, 0.002872], [0.003411, 0.003445, 0.003391]],
  "time_sec_repair_step2": [[0.012378, 0.000309], [0.006561, 0.000185], [0.005320, 0.000391], [0.006691, 0.000399], [0.027891, 0.022078, 0.001253]],
  "time_sec_repair_step4": [[0.000296, 0.000179], [0.000204, 0.000224], [0.000597, 0.000458], [0.000762, 0.000536], [0.004874, 0.004959, 0.000547]],
  "time_sec_full_iteration": [0.027360, 0.428740, 0.429004, 0.437529, 0.520223],
  "merges_per_repair_iteration": [[6, 3], [15, 4], [90, 6], [241, 14], [487, 91, 3]],
  "node_count_over_time": [279, 437, 772, 1173, 2003],
  "class_count_over_time": [129, 184, 298, 438, 742]

}