{
  "n_rules": 56,
  "n_input_exprs": 20,
  "time_sec_match": [0.006534, 0.429340, 0.414755, 0.423798, 0.443046],
  "time_sec_apply": [0.000700, 0.000532, 0.000598, 0.004038, 0.004109],
  "time_sec_repair_step1": [[0.003425, 0.002234], [0.002858, 0.003449], [0.002525, 0.003435], [0.002911, 0.003400], [0.002890, 0.002914, 0.002845]],
  "time_sec_repair_step2": [[0.082734, 0.000305], [0.006590, 0.000184], [0.007040, 0.000387], [0.006998, 0.000401], [0.027973, 0.022079, 0.001251]],
  "time_sec_repair_step4": [[0.000296, 0.000178], [0.000204, 0.000224], [0.000712, 0.000574], [0.000895, 0.000528], [0.005556, 0.005601, 0.000540]],
  "time_sec_full_iteration": [0.096485, 0.443454, 0.430105, 0.443052, 0.518940],
  "merges_per_repair_iteration": [[6, 3], [16, 4], [87, 6], [267, 14], [499, 97, 2]],
  "node_count_over_time": [280, 439, 775, 1168, 2014],
  "class_count_over_time": [130, 186, 300, 434, 749]

}