{
  "n_rules": 56,
  "n_input_exprs": 20,
  "time_sec_match": [0.006606, 0.418855, 0.424724, 0.421965, 0.451085],
  "time_sec_apply": [0.000636, 0.000511, 0.000608, 0.003359, 0.000701],
  "time_sec_repair_step1": [[0.002895, 0.003356], [0.002495, 0.003410], [0.002869, 0.003440], [0.003393, 0.002867], [0.003477, 0.003459, 0.003394]],
  "time_sec_repair_step2": [[0.084794, 0.000311], [0.006387, 0.000186], [0.007222, 0.000388], [0.006886, 0.000401], [0.027678, 0.022012, 0.001244]],
  "time_sec_repair_step4": [[0.000295, 0.000180], [0.000215, 0.000224], [0.000609, 0.000457], [0.000749, 0.000529], [0.005240, 0.005087, 0.000538]],
  "time_sec_full_iteration": [0.099158, 0.432360, 0.440437, 0.440226, 0.524047],
  "merges_per_repair_iteration": [[6, 3], [14, 4], [87, 6], [245, 14], [469, 98, 3]],
  "node_count_over_time": [280, 439, 775, 1168, 1997],
  "class_count_over_time": [130, 185, 299, 435, 735]

}