{
  "n_rules": 56,
  "n_input_exprs": 20,
  "time_sec_match": [0.006528, 0.414316, 0.422318, 0.423588, 0.437572],
  "time_sec_apply": [0.000751, 0.000472, 0.000528, 0.004094, 0.004057],
  "time_sec_repair_step1": [[0.003416, 0.003443], [0.003381, 0.002861], [0.000718, 0.003363], [0.002879, 0.003457], [0.002885, 0.002907, 0.002849]],
  "time_sec_repair_step2": [[0.012400, 0.000309], [0.006548, 0.000186], [0.007449, 0.000390], [0.006898, 0.000404], [0.027919, 0.022001, 0.001252]],
  "time_sec_repair_step4": [[0.000295, 0.000179], [0.000215, 0.000225], [0.000622, 0.000457], [0.000830, 0.000528], [0.005768, 0.005693, 0.000541]],
  "time_sec_full_iteration": [0.027401, 0.428289, 0.435910, 0.442761, 0.513579],
  "merges_per_repair_iteration": [[6, 3], [15, 4], [90, 6], [246, 14], [469, 96, 2]],
  "node_count_over_time": [280, 436, 775, 1168, 2006],
  "class_count_over_time": [130, 183, 297, 433, 741]

}