{
  "n_rules": 38,
  "n_input_exprs": 22,
  "time_sec_match": [0.007863, 0.464092, 0.468221, 0.468293, 0.472288],
  "time_sec_apply": [0.000072, 0.000059, 0.000054, 0.000054, 0.000059],
  "time_sec_repair_step1": [[0.007282, 0.007281], [0.007341, 0.007270], [0.004698, 0.007215], [0.007340, 0.007302], [0.007967, 0.007903]],
  "time_sec_repair_step2": [[0.007974, 0.000048], [0.007953, 0.000026], [0.007227, 0.000048], [0.008040, 0.000046], [0.007720, 0.000111]],
  "time_sec_repair_step4": [[0.000038, 0.000026], [0.000026, 0.000032], [0.000103, 0.000077], [0.000097, 0.000068], [0.000229, 0.000196]],
  "time_sec_full_iteration": [0.030655, 0.486879, 0.487774, 0.491314, 0.496550],
  "merges_per_repair_iteration": [[5, 3], [13, 4], [64, 6], [174, 14], [334, 78]],
  "node_count_over_time": [288, 387, 588, 812, 1390],
  "class_count_over_time": [132, 170, 248, 341, 570]

}