{
  "n_rules": 38,
  "n_input_exprs": 22,
  "time_sec_match": [0.011207, 0.467092, 0.466377, 0.467503, 0.467261],
  "time_sec_apply": [0.000070, 0.000069, 0.000059, 0.000058, 0.000062],
  "time_sec_repair_step1": [[0.007812, 0.007895], [0.006916, 0.007352], [0.005108, 0.005196], [0.006782, 0.006759], [0.006108, 0.007354]],
  "time_sec_repair_step2": [[0.006576, 0.000047], [0.007859, 0.000027], [0.007138, 0.000049], [0.008035, 0.000046], [0.006035, 0.000110]],
  "time_sec_repair_step4": [[0.000037, 0.000026], [0.000026, 0.000033], [0.000111, 0.000075], [0.000096, 0.000071], [0.000223, 0.000193]],
  "time_sec_full_iteration": [0.033747, 0.489446, 0.484205, 0.489415, 0.487425],
  "merges_per_repair_iteration": [[5, 3], [15, 4], [64, 6], [195, 14], [363, 79]],
  "node_count_over_time": [288, 388, 590, 814, 1386],
  "class_count_over_time": [132, 170, 248, 341, 569]

}