{
  "n_rules": 38,
  "n_input_exprs": 22,
  "time_sec_match": [0.007788, 0.470547, 0.470328, 0.470361, 0.470045],
  "time_sec_apply": [0.000073, 0.000057, 0.000058, 0.000067, 0.000068],
  "time_sec_repair_step1": [[0.007277, 0.007281], [0.007878, 0.007902], [0.007420, 0.007343], [0.007965, 0.007890], [0.007330, 0.007323]],
  "time_sec_repair_step2": [[0.008049, 0.000048], [0.007364, 0.000027], [0.008068, 0.000048], [0.007478, 0.000047], [0.008137, 0.000112]],
  "time_sec_repair_step4": [[0.000038, 0.000027], [0.000027, 0.000032], [0.000086, 0.000077], [0.000094, 0.000069], [0.000225, 0.000193]],
  "time_sec_full_iteration": [0.030662, 0.493908, 0.493499, 0.494059, 0.493496],
  "merges_per_repair_iteration": [[5, 3], [12, 4], [61, 6], [192, 14], [363, 75]],
  "node_count_over_time": [288, 388, 592, 816, 1396],
  "class_count_over_time": [132, 170, 248, 341, 568]

}