{
  "n_rules": 38,
  "n_input_exprs": 22,
  "time_sec_match": [0.012980, 0.466606, 0.470779, 0.470497, 0.470734],
  "time_sec_apply": [0.000085, 0.000069, 0.000055, 0.000066, 0.000068],
  "time_sec_repair_step1": [[0.006438, 0.007227], [0.007924, 0.007920], [0.007139, 0.007356], [0.006075, 0.007179], [0.007777, 0.007910]],
  "time_sec_repair_step2": [[0.008064, 0.000046], [0.007426, 0.000027], [0.008036, 0.000049], [0.007162, 0.000047], [0.006551, 0.000114]],
  "time_sec_repair_step4": [[0.000038, 0.000026], [0.000026, 0.000032], [0.000106, 0.000094], [0.000094, 0.000070], [0.000218, 0.000189]],
  "time_sec_full_iteration": [0.034977, 0.490105, 0.493690, 0.491254, 0.493653],
  "merges_per_repair_iteration": [[5, 3], [13, 4], [64, 6], [175, 14], [340, 78]],
  "node_count_over_time": [288, 387, 589, 813, 1401],
  "class_count_over_time": [132, 171, 249, 342, 574]

}