{
  "n_rules": 38,
  "n_input_exprs": 22,
  "time_sec_match": [0.007380, 0.466054, 0.470472, 0.471412, 0.466204],
  "time_sec_apply": [0.000085, 0.000070, 0.000054, 0.000058, 0.000066],
  "time_sec_repair_step1": [[0.007835, 0.007776], [0.007872, 0.007980], [0.006779, 0.003911], [0.005736, 0.007094], [0.007892, 0.007975]],
  "time_sec_repair_step2": [[0.007393, 0.000050], [0.007372, 0.000026], [0.005688, 0.000048], [0.007375, 0.000045], [0.007608, 0.000100]],
  "time_sec_repair_step4": [[0.000037, 0.000028], [0.000026, 0.000034], [0.000071, 0.000060], [0.000091, 0.000068], [0.000208, 0.000173]],
  "time_sec_full_iteration": [0.030644, 0.489500, 0.487150, 0.491945, 0.490302],
  "merges_per_repair_iteration": [[5, 3], [14, 4], [64, 6], [195, 14], [354, 76]],
  "node_count_over_time": [288, 387, 588, 816, 1403],
  "class_count_over_time": [132, 170, 248, 345, 574]

}