{
  "n_rules": 38,
  "n_input_exprs": 22,
  "time_sec_match": [0.007902, 0.463627, 0.471628, 0.466493, 0.464344],
  "time_sec_apply": [0.000077, 0.000067, 0.000057, 0.000053, 0.000061],
  "time_sec_repair_step1": [[0.007307, 0.007238], [0.006426, 0.007275], [0.007934, 0.008053], [0.007926, 0.007890], [0.006773, 0.007323]],
  "time_sec_repair_step2": [[0.007041, 0.000047], [0.007976, 0.000026], [0.007511, 0.000050], [0.007451, 0.000049], [0.008158, 0.000102]],
  "time_sec_repair_step4": [[0.000038, 0.000026], [0.000025, 0.000032], [0.000108, 0.000087], [0.000104, 0.000071], [0.000210, 0.000173]],
  "time_sec_full_iteration": [0.029744, 0.485525, 0.495501, 0.490098, 0.487215],
  "merges_per_repair_iteration": [[5, 3], [13, 4], [63, 6], [175, 14], [334, 76]],
  "node_count_over_time": [288, 388, 590, 810, 1396],
  "class_count_over_time": [132, 170, 248, 337, 571]

}