{
  "n_rules": 38,
  "n_input_exprs": 22,
  "time_sec_match": [0.007840, 0.465009, 0.466188, 0.468169, 0.466891],
  "time_sec_apply": [0.000073, 0.000058, 0.000058, 0.000056, 0.000059],
  "time_sec_repair_step1": [[0.007291, 0.006405], [0.007298, 0.007327], [0.004680, 0.007302], [0.007307, 0.007305], [0.007321, 0.007324]],
  "time_sec_repair_step2": [[0.008045, 0.000047], [0.007919, 0.000028], [0.007419, 0.000048], [0.007990, 0.000049], [0.008091, 0.000110]],
  "time_sec_repair_step4": [[0.000038, 0.000026], [0.000026, 0.000032], [0.000087, 0.000074], [0.000110, 0.000071], [0.000217, 0.000194]],
  "time_sec_full_iteration": [0.029831, 0.487760, 0.485931, 0.491124, 0.490305],
  "merges_per_repair_iteration": [[5, 3], [12, 4], [64, 6], [174, 14], [344, 76]],
  "node_count_over_time": [288, 386, 589, 813, 1387],
  "class_count_over_time": [132, 170, 248, 341, 565]

}