{
  "n_rules": 38,
  "n_input_exprs": 22,
  "time_sec_match": [0.007293, 0.464515, 0.467485, 0.466903, 0.468710],
  "time_sec_apply": [0.000079, 0.000060, 0.000053, 0.000059, 0.000061],
  "time_sec_repair_step1": [[0.007833, 0.007876], [0.006891, 0.007334], [0.005946, 0.004280], [0.006789, 0.007328], [0.007289, 0.007283]],
  "time_sec_repair_step2": [[0.007495, 0.000048], [0.007807, 0.000025], [0.008401, 0.000046], [0.007990, 0.000048], [0.008143, 0.000116]],
  "time_sec_repair_step4": [[0.000037, 0.000027], [0.000028, 0.000032], [0.000103, 0.000077], [0.000095, 0.000071], [0.000227, 0.000195]],
  "time_sec_full_iteration": [0.030759, 0.486768, 0.486455, 0.489352, 0.492096],
  "merges_per_repair_iteration": [[5, 3], [13, 4], [65, 6], [175, 14], [337, 72]],
  "node_count_over_time": [288, 387, 589, 813, 1396],
  "class_count_over_time": [132, 170, 248, 341, 570]

}