{
  "n_rules": 38,
  "n_input_exprs": 22,
  "time_sec_match": [0.007333, 0.465869, 0.466024, 0.468650, 0.466726],
  "time_sec_apply": [0.000079, 0.000061, 0.000057, 0.000068, 0.000062],
  "time_sec_repair_step1": [[0.007890, 0.006101], [0.006431, 0.007323], [0.005052, 0.007319], [0.006931, 0.007291], [0.007274, 0.007270]],
  "time_sec_repair_step2": [[0.007432, 0.000046], [0.007778, 0.000027], [0.007162, 0.000046], [0.007894, 0.000049], [0.006973, 0.000100]],
  "time_sec_repair_step4": [[0.000038, 0.000026], [0.000027, 0.000033], [0.000106, 0.000079], [0.000094, 0.000073], [0.000209, 0.000174]],
  "time_sec_full_iteration": [0.029015, 0.487623, 0.485920, 0.491119, 0.488881],
  "merges_per_repair_iteration": [[5, 3], [13, 4], [64, 6], [175, 14], [342, 68]],
  "node_count_over_time": [288, 387, 591, 819, 1394],
  "class_count_over_time": [132, 170, 248, 345, 571]

}