{
  "n_rules": 38,
  "n_input_exprs": 22,
  "time_sec_match": [0.007785, 0.468569, 0.468059, 0.469320, 0.468443],
  "time_sec_apply": [0.000080, 0.000061, 0.000052, 0.000067, 0.000059],
  "time_sec_repair_step1": [[0.007234, 0.007369], [0.006957, 0.007316], [0.007078, 0.007841], [0.006887, 0.007270], [0.007315, 0.007375]],
  "time_sec_repair_step2": [[0.008122, 0.000049], [0.007806, 0.000026], [0.007204, 0.000049], [0.007839, 0.000050], [0.008073, 0.000102]],
  "time_sec_repair_step4": [[0.000040, 0.000027], [0.000028, 0.000032], [0.000103, 0.000087], [0.000095, 0.000072], [0.000208, 0.000171]],
  "time_sec_full_iteration": [0.030764, 0.490863, 0.490555, 0.491705, 0.491817],
  "merges_per_repair_iteration": [[5, 3], [12, 4], [64, 6], [174, 14], [342, 76]],
  "node_count_over_time": [288, 386, 586, 814, 1402],
  "class_count_over_time": [132, 170, 248, 345, 577]

}