{
  "n_rules": 56,
  "n_input_exprs": 3,
  "time_sec_match": [0.006484, 0.012907, 0.013560, 0.018576, 0.018905],
  "time_sec_apply": [0.000338, 0.000478, 0.000423, 0.000609, 0.000679],
  "time_sec_repair_step1": [[0.003434, 0.002867], [0.003444, 0.002869], [0.003466, 0.002870], [0.002914, 0.002868], [0.002918, 0.003465]],
  "time_sec_repair_step2": [[0.006402, 0.000247], [0.006504, 0.000164], [0.007084, 0.000338], [0.010188, 0.000365], [0.010754, 0.000954]],
  "time_sec_repair_step4": [[0.000252, 0.000180], [0.000233, 0.000225], [0.000542, 0.000425], [0.000762, 0.000527], [0.004761, 0.004372]],
  "time_sec_full_iteration": [0.020277, 0.026883, 0.028772, 0.036871, 0.046874],
  "merges_per_repair_iteration": [[5, 3], [11, 4], [53, 6], [162, 14], [330, 78]],
  "node_count_over_time": [40, 87, 255, 471, 1065],
  "class_count_over_time": [20, 43, 115, 207, 447]

}