{
  "n_rules": 56,
  "n_input_exprs": 3,
  "time_sec_match": [0.006519, 0.012889, 0.013474, 0.015682, 0.018340],
  "time_sec_apply": [0.000402, 0.000458, 0.000485, 0.000509, 0.000677],
  "time_sec_repair_step1": [[0.003445, 0.002863], [0.003418, 0.002868], [0.003469, 0.002870], [0.003459, 0.003425], [0.003451, 0.002939]],
  "time_sec_repair_step2": [[0.006420, 0.000246], [0.006520, 0.000164], [0.007107, 0.000338], [0.009587, 0.000368], [0.010287, 0.000853]],
  "time_sec_repair_step4": [[0.000276, 0.000179], [0.000201, 0.000224], [0.000537, 0.000425], [0.000723, 0.000535], [0.005123, 0.004742]],
  "time_sec_full_iteration": [0.020413, 0.026804, 0.028753, 0.034349, 0.046489],
  "merges_per_repair_iteration": [[5, 3], [11, 4], [49, 6], [158, 14], [330, 77]],
  "node_count_over_time": [40, 87, 255, 475, 1056],
  "class_count_over_time": [20, 43, 115, 211, 443]

}