{
  "n_rules": 56,
  "n_input_exprs": 3,
  "time_sec_match": [0.005606, 0.012990, 0.013561, 0.018613, 0.018749],
  "time_sec_apply": [0.000344, 0.000478, 0.000429, 0.000571, 0.000715],
  "time_sec_repair_step1": [[0.003377, 0.002852], [0.003411, 0.002863], [0.003415, 0.002864], [0.002903, 0.002851], [0.002907, 0.003526]],
  "time_sec_repair_step2": [[0.006265, 0.000245], [0.006538, 0.000164], [0.007134, 0.000339], [0.010169, 0.000365], [0.010854, 0.000945]],
  "time_sec_repair_step4": [[0.000251, 0.000181], [0.000234, 0.000225], [0.000544, 0.000428], [0.000657, 0.000528], [0.004779, 0.004376]],
  "time_sec_full_iteration": [0.019210, 0.026970, 0.028771, 0.036754, 0.046928],
  "merges_per_repair_iteration": [[5, 3], [11, 4], [53, 6], [162, 14], [334, 73]],
  "node_count_over_time": [40, 87, 255, 471, 1058],
  "class_count_over_time": [20, 43, 115, 207, 445]

}