{
  "n_rules": 56,
  "n_input_exprs": 3,
  "time_sec_match": [0.006526, 0.012899, 0.013585, 0.018012, 0.018354],
  "time_sec_apply": [0.000337, 0.000478, 0.000429, 0.000591, 0.000729],
  "time_sec_repair_step1": [[0.003453, 0.002862], [0.003398, 0.002873], [0.003389, 0.003411], [0.003463, 0.003426], [0.003467, 0.002932]],
  "time_sec_repair_step2": [[0.006407, 0.000245], [0.006533, 0.000164], [0.009936, 0.000341], [0.009567, 0.000367], [0.010365, 0.000951]],
  "time_sec_repair_step4": [[0.000252, 0.000180], [0.000233, 0.000225], [0.000545, 0.000427], [0.000693, 0.000528], [0.005333, 0.004891]],
  "time_sec_full_iteration": [0.020333, 0.026859, 0.032162, 0.036730, 0.047130],
  "merges_per_repair_iteration": [[5, 3], [11, 4], [53, 6], [162, 14], [330, 69]],
  "node_count_over_time": [40, 87, 255, 471, 1069],
  "class_count_over_time": [20, 43, 115, 207, 447]

}