{
  "n_rules": 56,
  "n_input_exprs": 3,
  "time_sec_match": [0.006468, 0.012923, 0.012945, 0.017872, 0.018110],
  "time_sec_apply": [0.000337, 0.000477, 0.000448, 0.000600, 0.000649],
  "time_sec_repair_step1": [[0.003437, 0.002853], [0.003426, 0.002810], [0.002876, 0.003413], [0.003457, 0.003456], [0.003438, 0.002950]],
  "time_sec_repair_step2": [[0.006400, 0.000246], [0.006594, 0.000165], [0.007116, 0.000341], [0.009675, 0.000369], [0.010335, 0.000942]],
  "time_sec_repair_step4": [[0.000252, 0.000179], [0.000234, 0.000224], [0.000543, 0.000427], [0.000724, 0.000527], [0.005244, 0.004923]],
  "time_sec_full_iteration": [0.020246, 0.026989, 0.028182, 0.036741, 0.046704],
  "merges_per_repair_iteration": [[5, 3], [11, 4], [53, 6], [162, 14], [330, 75]],
  "node_count_over_time": [40, 87, 255, 471, 1061],
  "class_count_over_time": [20, 43, 115, 207, 447]

}