{
  "n_rules": 56,
  "n_input_exprs": 3,
  "time_sec_match": [0.006491, 0.012963, 0.012575, 0.017991, 0.018369],
  "time_sec_apply": [0.000342, 0.000477, 0.000428, 0.000550, 0.000731],
  "time_sec_repair_step1": [[0.002878, 0.003412], [0.002864, 0.003397], [0.003366, 0.003421], [0.003473, 0.003394], [0.003444, 0.002943]],
  "time_sec_repair_step2": [[0.006417, 0.000246], [0.006547, 0.000164], [0.009745, 0.000340], [0.009599, 0.000367], [0.010329, 0.000942]],
  "time_sec_repair_step4": [[0.000251, 0.000179], [0.000234, 0.000223], [0.000543, 0.000426], [0.000804, 0.000526], [0.005284, 0.004909]],
  "time_sec_full_iteration": [0.020307, 0.026967, 0.030950, 0.036771, 0.047008],
  "merges_per_repair_iteration": [[5, 3], [11, 4], [53, 6], [162, 14], [330, 72]],
  "node_count_over_time": [40, 87, 255, 471, 1068],
  "class_count_over_time": [20, 43, 115, 207, 447]

}