{
  "n_rules": 56,
  "n_input_exprs": 3,
  "time_sec_match": [0.006497, 0.012849, 0.011452, 0.018702, 0.018861],
  "time_sec_apply": [0.000337, 0.000478, 0.000428, 0.000657, 0.000646],
  "time_sec_repair_step1": [[0.002886, 0.003420], [0.002846, 0.000692], [0.003411, 0.002869], [0.002903, 0.002872], [0.002916, 0.003524]],
  "time_sec_repair_step2": [[0.006447, 0.000246], [0.007460, 0.000163], [0.007147, 0.000338], [0.010224, 0.000365], [0.010695, 0.000948]],
  "time_sec_repair_step4": [[0.000252, 0.000179], [0.000233, 0.000223], [0.000542, 0.000426], [0.000764, 0.000527], [0.004762, 0.004372]],
  "time_sec_full_iteration": [0.020335, 0.025032, 0.026670, 0.037077, 0.046784],
  "merges_per_repair_iteration": [[5, 3], [11, 4], [53, 6], [162, 14], [330, 78]],
  "node_count_over_time": [40, 87, 255, 471, 1066],
  "class_count_over_time": [20, 43, 115, 207, 447]

}