{
  "n_rules": 56,
  "n_input_exprs": 3,
  "time_sec_match": [0.006471, 0.012896, 0.008974, 0.017930, 0.018046],
  "time_sec_apply": [0.000400, 0.000471, 0.000454, 0.000540, 0.000697],
  "time_sec_repair_step1": [[0.002884, 0.003393], [0.002869, 0.001241], [0.002752, 0.003448], [0.003470, 0.003439], [0.003438, 0.002933]],
  "time_sec_repair_step2": [[0.006444, 0.000246], [0.006813, 0.000165], [0.007090, 0.000341], [0.009540, 0.000368], [0.010297, 0.000890]],
  "time_sec_repair_step4": [[0.000276, 0.000181], [0.000201, 0.000225], [0.000558, 0.000718], [0.000720, 0.000535], [0.005140, 0.004764]],
  "time_sec_full_iteration": [0.020378, 0.024953, 0.024400, 0.036609, 0.046282],
  "merges_per_repair_iteration": [[5, 3], [11, 4], [49, 6], [179, 14], [349, 80]],
  "node_count_over_time": [40, 87, 255, 475, 1061],
  "class_count_over_time": [20, 43, 115, 211, 445]

}