{
  "n_rules": 56,
  "n_input_exprs": 3,
  "time_sec_match": [0.006504, 0.012881, 0.013549, 0.018686, 0.018902],
  "time_sec_apply": [0.000361, 0.000478, 0.000452, 0.000554, 0.000598],
  "time_sec_repair_step1": [[0.003446, 0.002864], [0.003459, 0.002865], [0.003425, 0.002755], [0.002903, 0.002864], [0.002922, 0.003461]],
  "time_sec_repair_step2": [[0.006440, 0.000245], [0.006526, 0.000165], [0.009496, 0.000337], [0.010041, 0.000369], [0.010701, 0.000858]],
  "time_sec_repair_step4": [[0.000276, 0.000180], [0.000234, 0.000225], [0.000537, 0.000427], [0.000812, 0.000538], [0.004553, 0.004212]],
  "time_sec_full_iteration": [0.020398, 0.026904, 0.031052, 0.036837, 0.046273],
  "merges_per_repair_iteration": [[5, 3], [11, 4], [49, 6], [158, 14], [318, 82]],
  "node_count_over_time": [40, 87, 255, 475, 1063],
  "class_count_over_time": [20, 43, 115, 211, 443]

}