{
  "n_rules": 56,
  "n_input_exprs": 3,
  "time_sec_match": [0.006494, 0.012871, 0.013515, 0.015192, 0.019020],
  "time_sec_apply": [0.000343, 0.000479, 0.000430, 0.000572, 0.000680],
  "time_sec_repair_step1": [[0.003406, 0.002855], [0.003402, 0.002869], [0.003440, 0.003440], [0.002918, 0.002864], [0.002919, 0.003525]],
  "time_sec_repair_step2": [[0.006468, 0.000244], [0.006580, 0.000164], [0.009907, 0.000339], [0.010180, 0.000366], [0.010777, 0.000946]],
  "time_sec_repair_step4": [[0.000251, 0.000179], [0.000234, 0.000223], [0.000697, 0.000506], [0.000762, 0.000527], [0.004726, 0.004380]],
  "time_sec_full_iteration": [0.020315, 0.026883, 0.032339, 0.033440, 0.047030],
  "merges_per_repair_iteration": [[5, 3], [11, 4], [53, 6], [183, 14], [342, 81]],
  "node_count_over_time": [40, 87, 255, 471, 1060],
  "class_count_over_time": [20, 43, 115, 207, 444]

}