{
  "n_rules": 20,
  "n_input_exprs": 5,
  "time_sec_match": [0.009569, 0.018872, 0.019626, 0.019635, 0.019751],
  "time_sec_apply": [0.000033, 0.000020, 0.000018, 0.000013, 0.000018],
  "time_sec_repair_step1": [[0.009166, 0.007903], [0.009598], [0.009533], [0.009549], [0.009540]],
  "time_sec_repair_step2": [[0.008060, 0.000030], [0.010193], [0.010167], [0.010184], [0.010180]],
  "time_sec_repair_step4": [[0.000037, 0.000026], [0.000003], [0.000004], [0.000004], [0.000003]],
  "time_sec_full_iteration": [0.034898, 0.038733, 0.039408, 0.039426, 0.039534],
  "merges_per_repair_iteration": [[5, 3], [187], [187], [187], [187]],
  "node_count_over_time": [62, 69, 72, 72, 72],
  "class_count_over_time": [29, 31, 31, 31, 31]

}