{
  "n_rules": 20,
  "n_input_exprs": 5,
  "time_sec_match": [0.009560, 0.019746, 0.019720, 0.019716, 0.015238],
  "time_sec_apply": [0.000032, 0.000021, 0.000017, 0.000013, 0.000018],
  "time_sec_repair_step1": [[0.010125, 0.010051], [0.009616], [0.009549], [0.009546], [0.009546]],
  "time_sec_repair_step2": [[0.009642, 0.000029], [0.009814], [0.010163], [0.010230], [0.009352]],
  "time_sec_repair_step4": [[0.000036, 0.000026], [0.000003], [0.000003], [0.000004], [0.000004]],
  "time_sec_full_iteration": [0.039576, 0.039244, 0.039502, 0.039542, 0.034205],
  "merges_per_repair_iteration": [[5, 3], [187], [187], [187], [187]],
  "node_count_over_time": [62, 69, 72, 72, 72],
  "class_count_over_time": [29, 31, 31, 31, 31]

}