{
  "n_rules": 20,
  "n_input_exprs": 5,
  "time_sec_match": [0.009568, 0.018248, 0.018790, 0.019682, 0.019581],
  "time_sec_apply": [0.000032, 0.000020, 0.000016, 0.000014, 0.000017],
  "time_sec_repair_step1": [[0.010095, 0.010100], [0.007374], [0.009564], [0.009601], [0.009520]],
  "time_sec_repair_step2": [[0.009593, 0.000029], [0.010165], [0.010157], [0.010134], [0.010235]],
  "time_sec_repair_step4": [[0.000036, 0.000026], [0.000004], [0.000004], [0.000003], [0.000003]],
  "time_sec_full_iteration": [0.039539, 0.035855, 0.038575, 0.039479, 0.039412],
  "merges_per_repair_iteration": [[5, 3], [187], [187], [187], [187]],
  "node_count_over_time": [62, 69, 72, 72, 72],
  "class_count_over_time": [29, 31, 31, 31, 31]

}