{
  "n_rules": 20,
  "n_input_exprs": 5,
  "time_sec_match": [0.010103, 0.019675, 0.019759, 0.019680, 0.017614],
  "time_sec_apply": [0.000032, 0.000020, 0.000017, 0.000015, 0.000018],
  "time_sec_repair_step1": [[0.009520, 0.009592], [0.008009], [0.010148], [0.010254], [0.009335]],
  "time_sec_repair_step2": [[0.010230, 0.000030], [0.009625], [0.009525], [0.008704], [0.009619]],
  "time_sec_repair_step4": [[0.000037, 0.000027], [0.000003], [0.000003], [0.000003], [0.000004]],
  "time_sec_full_iteration": [0.039637, 0.037376, 0.039495, 0.038694, 0.036630],
  "merges_per_repair_iteration": [[5, 3], [187], [187], [187], [187]],
  "node_count_over_time": [62, 69, 72, 72, 72],
  "class_count_over_time": [29, 31, 31, 31, 31]

}