{
  "n_rules": 20,
  "n_input_exprs": 5,
  "time_sec_match": [0.008360, 0.017537, 0.018287, 0.018861, 0.019864],
  "time_sec_apply": [0.000033, 0.000020, 0.000017, 0.000014, 0.000020],
  "time_sec_repair_step1": [[0.009470, 0.007976], [0.009327], [0.007940], [0.010136], [0.010150]],
  "time_sec_repair_step2": [[0.010186, 0.000028], [0.009519], [0.009568], [0.009611], [0.009576]],
  "time_sec_repair_step4": [[0.000036, 0.000026], [0.000004], [0.000003], [0.000004], [0.000004]],
  "time_sec_full_iteration": [0.036184, 0.036452, 0.035877, 0.038666, 0.039653],
  "merges_per_repair_iteration": [[5, 3], [187], [187], [187], [187]],
  "node_count_over_time": [62, 69, 72, 72, 72],
  "class_count_over_time": [29, 31, 31, 31, 31]

}