{
  "n_rules": 20,
  "n_input_exprs": 5,
  "time_sec_match": [0.009557, 0.019681, 0.019636, 0.016578, 0.019717],
  "time_sec_apply": [0.000031, 0.000020, 0.000017, 0.000013, 0.000018],
  "time_sec_repair_step1": [[0.010127, 0.009957], [0.009561], [0.007495], [0.009569], [0.009653]],
  "time_sec_repair_step2": [[0.009569, 0.000029], [0.010118], [0.010142], [0.009314], [0.009112]],
  "time_sec_repair_step4": [[0.000036, 0.000026], [0.000003], [0.000003], [0.000004], [0.000004]],
  "time_sec_full_iteration": [0.039403, 0.039436, 0.037332, 0.035512, 0.038544],
  "merges_per_repair_iteration": [[5, 3], [187], [187], [187], [187]],
  "node_count_over_time": [62, 69, 72, 72, 72],
  "class_count_over_time": [29, 31, 31, 31, 31]

}