{
  "n_rules": 20,
  "n_input_exprs": 5,
  "time_sec_match": [0.010091, 0.019671, 0.016168, 0.019648, 0.019835],
  "time_sec_apply": [0.000032, 0.000020, 0.000016, 0.000013, 0.000018],
  "time_sec_repair_step1": [[0.009475, 0.009565], [0.010112], [0.010189], [0.010123], [0.010123]],
  "time_sec_repair_step2": [[0.010287, 0.000030], [0.009566], [0.008775], [0.009635], [0.007745]],
  "time_sec_repair_step4": [[0.000036, 0.000027], [0.000003], [0.000003], [0.000004], [0.000003]],
  "time_sec_full_iteration": [0.039616, 0.039414, 0.035200, 0.039461, 0.037763],
  "merges_per_repair_iteration": [[5, 3], [187], [187], [187], [187]],
  "node_count_over_time": [62, 69, 72, 72, 72],
  "class_count_over_time": [29, 31, 31, 31, 31]

}