{
  "n_rules": 20,
  "n_input_exprs": 5,
  "time_sec_match": [0.009510, 0.019653, 0.016153, 0.016134, 0.019696],
  "time_sec_apply": [0.000032, 0.000020, 0.000017, 0.000013, 0.000017],
  "time_sec_repair_step1": [[0.010088, 0.009955], [0.009464], [0.009533], [0.009565], [0.009586]],
  "time_sec_repair_step2": [[0.009655, 0.000028], [0.010163], [0.009261], [0.009418], [0.010165]],
  "time_sec_repair_step4": [[0.000036, 0.000026], [0.000004], [0.000003], [0.000003], [0.000004]],
  "time_sec_full_iteration": [0.039404, 0.039353, 0.035015, 0.035174, 0.039510],
  "merges_per_repair_iteration": [[5, 3], [187], [187], [187], [187]],
  "node_count_over_time": [62, 69, 72, 72, 72],
  "class_count_over_time": [29, 31, 31, 31, 31]

}