{
  "n_rules": 20,
  "n_input_exprs": 5,
  "time_sec_match": [0.008216, 0.019632, 0.018426, 0.018766, 0.019672],
  "time_sec_apply": [0.000031, 0.000020, 0.000017, 0.000013, 0.000018],
  "time_sec_repair_step1": [[0.009532, 0.009606], [0.009271], [0.007977], [0.010165], [0.010116]],
  "time_sec_repair_step2": [[0.010245, 0.000029], [0.009609], [0.009527], [0.009632], [0.009613]],
  "time_sec_repair_step4": [[0.000038, 0.000025], [0.000004], [0.000003], [0.000004], [0.000004]],
  "time_sec_full_iteration": [0.037801, 0.038572, 0.035985, 0.038617, 0.039460],
  "merges_per_repair_iteration": [[5, 3], [187], [187], [187], [187]],
  "node_count_over_time": [62, 69, 72, 72, 72],
  "class_count_over_time": [29, 31, 31, 31, 31]

}