{
  "n_rules": 20,
  "n_input_exprs": 5,
  "time_sec_match": [0.009636, 0.019474, 0.019726, 0.016651, 0.019625],
  "time_sec_apply": [0.000031, 0.000022, 0.000017, 0.000013, 0.000019],
  "time_sec_repair_step1": [[0.010190, 0.008501], [0.009623], [0.009496], [0.009613], [0.009510]],
  "time_sec_repair_step2": [[0.009629, 0.000029], [0.010198], [0.010135], [0.009361], [0.010195]],
  "time_sec_repair_step4": [[0.000040, 0.000026], [0.000020], [0.000003], [0.000003], [0.000004]],
  "time_sec_full_iteration": [0.038162, 0.039379, 0.039416, 0.035687, 0.039420],
  "merges_per_repair_iteration": [[5, 3], [188], [187], [187], [187]],
  "node_count_over_time": [62, 69, 72, 72, 72],
  "class_count_over_time": [29, 31, 31, 31, 31]

}