{
  "n_rules": 56,
  "n_input_exprs": 10,
  "time_sec_match": [0.006527, 0.012983, 0.013609, 0.017921, 0.033286],
  "time_sec_apply": [0.000545, 0.000563, 0.000506, 0.000638, 0.000699],
  "time_sec_repair_step1": [[0.003442, 0.002864], [0.003400, 0.002867], [0.003464, 0.003394], [0.003458, 0.003423], [0.002924, 0.003472, 0.003416]],
  "time_sec_repair_step2": [[0.007406, 0.000252], [0.006560, 0.000172], [0.010029, 0.000370], [0.009546, 0.000382], [0.020696, 0.011874, 0.001213]],
  "time_sec_repair_step4": [[0.000299, 0.000182], [0.000210, 0.000225], [0.000658, 0.000586], [0.000924, 0.000529], [0.005171, 0.005240, 0.000537]],
  "time_sec_full_iteration": [0.021587, 0.027038, 0.032676, 0.036894, 0.088675],
  "merges_per_repair_iteration": [[6, 3], [14, 4], [67, 6], [232, 14], [446, 90, 3]],
  "node_count_over_time": [122, 219, 471, 817, 1632],
  "class_count_over_time": [61, 94, 185, 310, 606]

}