{
  "n_rules": 56,
  "n_input_exprs": 10,
  "time_sec_match": [0.006525, 0.013003, 0.013464, 0.018309, 0.029766],
  "time_sec_apply": [0.000546, 0.000664, 0.000597, 0.000687, 0.003606],
  "time_sec_repair_step1": [[0.003427, 0.002859], [0.003468, 0.003457], [0.002900, 0.003431], [0.003472, 0.003413], [0.003487, 0.003464, 0.003437]],
  "time_sec_repair_step2": [[0.007465, 0.000251], [0.009342, 0.000173], [0.007236, 0.000367], [0.009625, 0.000382], [0.017042, 0.011938, 0.001245]],
  "time_sec_repair_step4": [[0.000300, 0.000182], [0.000220, 0.000224], [0.000607, 0.000455], [0.000783, 0.000528], [0.004968, 0.005065, 0.000540]],
  "time_sec_full_iteration": [0.021632, 0.030618, 0.029111, 0.037267, 0.084666],
  "merges_per_repair_iteration": [[6, 3], [15, 4], [66, 6], [213, 14], [426, 92, 3]],
  "node_count_over_time": [122, 218, 470, 816, 1650],
  "class_count_over_time": [61, 94, 185, 310, 622]

}