{
  "n_rules": 56,
  "n_input_exprs": 10,
  "time_sec_match": [0.006474, 0.013001, 0.013537, 0.018065, 0.033524],
  "time_sec_apply": [0.000510, 0.000647, 0.000497, 0.000550, 0.000642],
  "time_sec_repair_step1": [[0.003441, 0.002860], [0.003432, 0.002864], [0.003467, 0.003465], [0.003487, 0.003466], [0.002889, 0.003483, 0.003419]],
  "time_sec_repair_step2": [[0.007433, 0.000252], [0.006521, 0.000170], [0.010047, 0.000369], [0.009836, 0.000383], [0.020445, 0.011903, 0.001202]],
  "time_sec_repair_step4": [[0.000298, 0.000181], [0.000220, 0.000223], [0.000655, 0.000766], [0.000786, 0.000527], [0.005172, 0.005200, 0.000536]],
  "time_sec_full_iteration": [0.021513, 0.027141, 0.032895, 0.037178, 0.088535],
  "merges_per_repair_iteration": [[6, 3], [15, 4], [67, 6], [234, 14], [455, 94, 3]],
  "node_count_over_time": [122, 220, 474, 818, 1647],
  "class_count_over_time": [61, 94, 185, 310, 614]

}