{
  "n_rules": 56,
  "n_input_exprs": 10,
  "time_sec_match": [0.006505, 0.012939, 0.013563, 0.018417, 0.029727],
  "time_sec_apply": [0.000595, 0.000518, 0.000488, 0.000706, 0.004110],
  "time_sec_repair_step1": [[0.003469, 0.002865], [0.003420, 0.003425], [0.002887, 0.003382], [0.003446, 0.003431], [0.002928, 0.003485, 0.003427]],
  "time_sec_repair_step2": [[0.007414, 0.000252], [0.009372, 0.000174], [0.007237, 0.000369], [0.009695, 0.000383], [0.020758, 0.011866, 0.001226]],
  "time_sec_repair_step4": [[0.000299, 0.000181], [0.000221, 0.000224], [0.000659, 0.000558], [0.000907, 0.000527], [0.005196, 0.005136, 0.000530]],
  "time_sec_full_iteration": [0.021648, 0.030366, 0.029213, 0.037580, 0.088493],
  "merges_per_repair_iteration": [[6, 3], [15, 4], [67, 6], [234, 14], [455, 89, 3]],
  "node_count_over_time": [122, 220, 471, 814, 1640],
  "class_count_over_time": [61, 94, 185, 310, 615]

}