{
  "n_rules": 56,
  "n_input_exprs": 10,
  "time_sec_match": [0.006509, 0.012986, 0.013514, 0.018170, 0.033542],
  "time_sec_apply": [0.000614, 0.000607, 0.000504, 0.000594, 0.000686],
  "time_sec_repair_step1": [[0.003425, 0.002858], [0.003443, 0.002867], [0.003456, 0.003392], [0.003435, 0.003406], [0.002919, 0.002921, 0.002887]],
  "time_sec_repair_step2": [[0.007414, 0.000252], [0.006558, 0.000172], [0.010018, 0.000370], [0.009793, 0.000384], [0.017146, 0.011860, 0.001203]],
  "time_sec_repair_step4": [[0.000298, 0.000182], [0.000220, 0.000223], [0.000631, 0.000610], [0.000907, 0.000535], [0.005541, 0.005640, 0.000545]],
  "time_sec_full_iteration": [0.021626, 0.027136, 0.032556, 0.037287, 0.084999],
  "merges_per_repair_iteration": [[6, 3], [14, 4], [66, 6], [233, 14], [450, 88, 3]],
  "node_count_over_time": [122, 222, 474, 816, 1651],
  "class_count_over_time": [61, 96, 187, 308, 611]

}