{
  "n_rules": 56,
  "n_input_exprs": 10,
  "time_sec_match": [0.006548, 0.012961, 0.012634, 0.018931, 0.033447],
  "time_sec_apply": [0.000528, 0.000697, 0.000510, 0.000568, 0.000731],
  "time_sec_repair_step1": [[0.002887, 0.003366], [0.002874, 0.003421], [0.003391, 0.002864], [0.002897, 0.002868], [0.003511, 0.002920, 0.002880]],
  "time_sec_repair_step2": [[0.007450, 0.000255], [0.006555, 0.000173], [0.007072, 0.000367], [0.010157, 0.000380], [0.019867, 0.011926, 0.001228]],
  "time_sec_repair_step4": [[0.000298, 0.000182], [0.000220, 0.000224], [0.000593, 0.000455], [0.000734, 0.000528], [0.005804, 0.005731, 0.000539]],
  "time_sec_full_iteration": [0.021591, 0.027192, 0.027956, 0.037130, 0.088710],
  "merges_per_repair_iteration": [[6, 3], [15, 4], [65, 6], [212, 14], [430, 96, 3]],
  "node_count_over_time": [122, 218, 469, 814, 1655],
  "class_count_over_time": [61, 93, 184, 309, 625]

}