{
  "n_rules": 56,
  "n_input_exprs": 10,
  "time_sec_match": [0.006492, 0.012967, 0.013545, 0.018924, 0.034246],
  "time_sec_apply": [0.000574, 0.000691, 0.000522, 0.000714, 0.000695],
  "time_sec_repair_step1": [[0.002883, 0.003402], [0.002867, 0.003387], [0.002909, 0.002872], [0.002918, 0.002867], [0.003504, 0.003477, 0.003402]],
  "time_sec_repair_step2": [[0.007472, 0.000251], [0.006588, 0.000173], [0.010539, 0.000367], [0.010324, 0.000380], [0.017391, 0.011920, 0.001228]],
  "time_sec_repair_step4": [[0.000298, 0.000182], [0.000220, 0.000224], [0.000594, 0.000456], [0.000755, 0.000531], [0.005277, 0.005148, 0.000655]],
  "time_sec_full_iteration": [0.021622, 0.027180, 0.031859, 0.037476, 0.087063],
  "merges_per_repair_iteration": [[6, 3], [15, 4], [66, 6], [209, 14], [433, 98, 2]],
  "node_count_over_time": [122, 219, 471, 817, 1648],
  "class_count_over_time": [61, 93, 184, 309, 620]

}