{
  "n_rules": 56,
  "n_input_exprs": 10,
  "time_sec_match": [0.006518, 0.012986, 0.013519, 0.018257, 0.029706],
  "time_sec_apply": [0.000499, 0.000583, 0.000517, 0.000581, 0.004177],
  "time_sec_repair_step1": [[0.003459, 0.002857], [0.003386, 0.002865], [0.003480, 0.003384], [0.003472, 0.003407], [0.002912, 0.002932, 0.002876]],
  "time_sec_repair_step2": [[0.007407, 0.000251], [0.006546, 0.000171], [0.010014, 0.000370], [0.009635, 0.000383], [0.017350, 0.011951, 0.001217]],
  "time_sec_repair_step4": [[0.000298, 0.000181], [0.000220, 0.000225], [0.000656, 0.000777], [0.000885, 0.000528], [0.005764, 0.005602, 0.000539]],
  "time_sec_full_iteration": [0.021535, 0.027036, 0.032771, 0.037222, 0.085134],
  "merges_per_repair_iteration": [[6, 3], [15, 4], [67, 6], [232, 14], [454, 92, 2]],
  "node_count_over_time": [122, 218, 470, 814, 1638],
  "class_count_over_time": [61, 94, 185, 309, 619]

}