{
  "n_rules": 56,
  "n_input_exprs": 10,
  "time_sec_match": [0.006539, 0.012953, 0.013517, 0.018429, 0.029815],
  "time_sec_apply": [0.000515, 0.000601, 0.000559, 0.000707, 0.004166],
  "time_sec_repair_step1": [[0.002884, 0.003420], [0.002865, 0.002868], [0.003462, 0.003389], [0.003469, 0.003386], [0.002932, 0.003519, 0.003456]],
  "time_sec_repair_step2": [[0.007493, 0.000253], [0.009841, 0.000171], [0.010053, 0.000371], [0.009699, 0.000382], [0.020629, 0.011922, 0.001227]],
  "time_sec_repair_step4": [[0.000299, 0.000182], [0.000220, 0.000224], [0.000667, 0.000652], [0.000831, 0.000529], [0.005207, 0.005233, 0.000535]],
  "time_sec_full_iteration": [0.021675, 0.029813, 0.032747, 0.037506, 0.088775],
  "merges_per_repair_iteration": [[6, 3], [15, 4], [66, 6], [232, 14], [461, 91, 3]],
  "node_count_over_time": [122, 220, 472, 818, 1646],
  "class_count_over_time": [61, 94, 185, 310, 618]

}